546,VG-21,Vero,25154664,VTPHHVLVDEYTGEWVDSQFK,1,VTPHHVLVDEYTGEWVDSQFK
1162,4Iphf-HN17,Cal 27,31450798,AWLPNSNHIKQGL,0,4Iph_yl-Fmoc-LPNSNHIKQGL
910,Scp01-b,Caski cells,30230543,VSRRRRRRGGRRRRGGGSYARVRRRGPRRGYARVRRRGPRR,1,VSRRRRRRGGRRRRGGGSYARVRRRGPRRGYARVRRRGPRR
575,TP-biot13,HCT116,25511292,GWTLNSAGYLLGKINLKALAALAKKIL,1,GWTLNSAGYLLGKINLKALAALAKKIL
467,hLF P15A,HeLa,24270856,KCFQWQRNMRKVRGPPVSCIKR,1,KCFQWQRNMRKVRGPPVSCIKR
649,2,HepG2,22805558,DSLKSYWYLQKFSWR,1,DSLKSYWYLQKFSWR
232,TH,HeLa cells,28603674,AGYLLGHINLHHLAHLAHHIL,0,AGYLLGHINLHHLAHLAHHIL
794,NLS-A,HeLa cells,30108178,MTYPRRRFRRRRHRPRS,1,MTYPRRRFRRRRHRPRS
586,V1,Jurkat E6 cells,25524829,RRGRRG,1,RRGRRG
710,ZiF,Saos-2 cells,30410976,MLEPGEKPYKCPECGKSFSASAALVAHQRTHTGKKTS,1,MLEPGEKPYKCPECGKSFSASAALVAHQRTHTGKKTS
1267,K-FGF,A375-R cells,30240193,CAAVALLPAVLLAHLLAP,0,CAAVALLPAVLLAHLLAP
66,Cf,HEK-293T cell,34277705,RRPPWLRLDIRR,0,RRPPWLRLDIRR
67,Cf,HEK-293T cell,34277705,RRPPWLRLDIRR,0,RRPPWLRLDIRR
897,[RW]4,A549 cells,28694765,RWRWRWRW,1,RWRWRWRW
215,12,HEK293 cells,33838611,GRRARRARRA,0,GRRARRARRA
12,K-FGF,9L cells,30240193,CAAVALLPAVLLAHLLAP,0,CAAVALLPAVLLAHLLAP
566,MAP,Rat basophilic leukemia RBL-2H3 cells,25016968,KLALKLALKALKAALKLA,1,KLALKLALKALKAALKLA
718,PPC3,eGFP HeLa 654,29721534,KKYRGRKRHPR,1,KKYRGRKRHPR
304,Crot (27-39) derevative,NIH-3T3,21319732,RWRWKCCKK,1,RWRWKCCKK
1056,R8NLS,A2780 cells,26784985,CRRRRRRRRVKRKKKP,1,CRRRRRRRRVKRKKKP
1233,HIV-TAT,U87 cells,30240193,CYGRKKRRQRRR,0,CYGRKKRRQRRR
1143,XVII,CHO pgsB-618 cells,22100438,CGRKKRKRQRKRKRPPQ,0,CGRKKR-Ahx-RQR-Ahx-R-Ahx-RPPQ
1256,hCT(9-32),LN18 cells,30240193,CLGTYTQDFNKFHTFPQTAIGVGAP,0,CLGTYTQDFNKFHTFPQTAIGVGAP
849,kFGF-Tf-lip,bEnd.3 cell,32561686,AAVALLPAVLLALLAP,1,AAVALLPAVLLALLAP
1208,mTatBim,HeLa,29275934,RKKRRQRRREIWIAQELRRIGDEFNAYYARLLC,1,RKKRRQRRREIWIAQELRRIGDEFNAYYARLLC
433,R11,HeLa,15937518,RRRRRRRRRRR,1,RRRRRRRRRRR
589,5-FAM-H3R8,MCF-7 cells,25547808,HHHRRRRRRRR,1,HHHRRRRRRRR
761,[(RW)5K](RW)4,SK-OV-3,34491768,RWRWRWRWRWKRWRWRWRWRW,1,RWRWRWRWRWKRWRWRWRWRW
1190,Arg,CHO-K1,30718681,RRRRRRRRR,0,RRRRRRRRR-NH2
767,CB5-sC18,HeLa cells,34959356,GLRKRLRKFRNKIKEK,1,GLRKRLRKFRNKIKEK
631,XIII,ARPE-19,22100438,CGRKKRLLRQRLLRLLRPPQ,1,CGRKKRLLRQRLLRLLRPPQ
1101,R8,NIH-3T3,21319732,RRRRRRRR,0,rrrrrrrr
278,Oleyl-R4-(HR)4,MDA-MB-231 cells,35456715,RRRRHRHRHRHR,0,RRRRHRHRHRHR
1040,Hpp3,ECV304 cells,27070736,KPKRKRRKKKGHGWSR,1,KPKRKRRKKKGHGWSR
367,Bac13-24,RAW 264.7,12450378,PRPRPLPFPRPG,1,PRPRPLPFPRPG
242,Isopropyl-TH,HeLa cells,28603674,AGYLLGHINLHHLAHLAHHIL,0,AGYLLGHINLHHLAHLAHHIL
1167,CKRRMKWKK,HepG2,35024246,CKRRMKWKK,0,CKRRMKWKK
508,Xentry peptides,HepG2,24811205,LCLK,1,LCLK
2,integrin ß3,MSTO cells,30240193,CVTVLALGALAGVGVG,0,CVTVLALGALAGVGVG
6,integrin ß3,LN18 cells,30240193,CVTVLALGALAGVGVG,0,CVTVLALGALAGVGVG
1113,Xentry peptides,HepG2,24811205,LCLR,0,lclr
316,Crot (27-39) derevative,NIH-3T3,21319732,SRWRWKSSKK,1,SRWRWKSSKK
1093,Crot (27-39) derivative,NIH-3T3,21319732,MDCRWRWKCCKK,0,MDCRWRWKC-Abu-KK
434,R11,A549 cells,15937518,RRRRRRRRRRR,1,RRRRRRRRRRR
553,MCoTI-M1,HeLa,24985034,GGVCPKILKKCRRDSDCPGACICRGNGWCGSGSD,1,GGVCPKILKKCRRDSDCPGACICRGNGWCGSGSD
677,ING4,HeLa,34504427,TQKEKKAARARSK,1,TQKEKKAARARSK
1239,HIV-gp41,9L-R cells,30240193,CGALFLGWLGAAGSTMGA,0,CGALFLGWLGAAGSTMGA
219,PI-acetamide,A549 cells,27480031,KLALKLALKALKAALKLAGCA,0,KLALKLALKALKAALKLAGCA
925,BNA3MTS (2–7)-sC18,HeLa cells,30367921,KQRFIRGLRKRLRKFRNKIKEK,1,KQRFIRGLRKRLRKFRNKIKEK
27,pHK-PASA488,CHO-K1 cells,28183803,MIASHLLAYFFTELNGKPILFF,0,MIASHLLAYFFTELNGKPILFF
1228,HIV-TAT,MSTO cells,30240193,CYGRKKRRQRRR,0,CYGRKKRRQRRR
456,STR-H12R8,CHO-K1 cells,25193363,HHHHHHHHHHHHRRRRRRRRRRRRRRR,1,HHHHHHHHHHHHRRRRRRRRRRRRRRR
940,BNA3MTS (2–7)-sC18,MCF-7 cells,30367921,KQRFIRGLRKRLRKFRNKIKEK,1,KQRFIRGLRKRLRKFRNKIKEK
898,[RW]6,A549 cells,28694765,RWRWRWRWRWRW,1,RWRWRWRWRWRW
543,LK-2,HeLa,25056130,LKKLCKLLKKLCKLAG,1,LKKLCKLLKKLCKLAG
955,BNA3MTS (2–7),TDA cells,30367921,KQRFIR,1,KQRFIR
821,Tat-G,HeLa cells,34152716,YGGGKGGQGGGPPQG,1,YGGGKGGQGGGPPQG
1183,Ac5cdOM,HeLa,30718681,RRPRRPRRP,0,RR-Ac5cdOM-RR-Ac5cdOM-RR-Ac5cdOM-NH2
359,No.14-30,CHO,19956900,RLYMRYYSPTTRRYG,1,RLYMRYYSPTTRRYG
1115,Xentry peptides,HepG2,24811205,ICIR,0,icir
499,Tat-PCP,HeLa,24896852,GRKKRRQRRRADELI,0,Ac-RKKRRQRRR-miniPEG_linker-DELI
261,sDRIM,HeLa cells,28921993,QQRKRKIWSKLAPDGTTLVKLVAGIG,0,QQRKRKIWSKLAPDGTTLVKLVAGIG
296,R6,Jurkat,11087855,RRRRRR,1,RRRRRR
25,pHK-PASA488,CHO-K1 cells,28183803,MIASHLLAYFFTELNGKPILFF,0,MIASHLLAYFFTELNGKPILFF
341,No.14-11,CHO,19956900,ALWMRWYSPTTRRYG,1,ALWMRWYSPTTRRYG
486,hLF K7,Jurkat E6.1 leukemia cells,24270856,KCFQWQRNMRKVRGPPVSCIKR,1,KCFQWQRNMRKVRGPPVSCIKR
47,NCO,MCF7 cells,32024261,KALGISYGRKK,0,KALGISYGRKK
323,Crot (27-39) derevative,NIH-3T3,21319732,CRWRWKCG,1,CRWRWKCG
106,cR10-KD3,HeLa cells,33533253,KRRRRRRRRRRELTFKEYWDQLTSAA,0,KRRRRRRRRRRELTFKEYWDQLTSAA
900,[RW]6,A549 cells,28694765,RWRWRWRWRWRW,1,RWRWRWRWRWRW
55,W3R4W3-E12,MCF-7 cells,32116040,WWWRRRRWWWEEEEEEEEEEEE,0,WWWRRRRWWWEEEEEEEEEEEE
584,MTpl-3,Plant cells,25514997,KWCFAVCYAGICYAACAGK,1,KWCFAVCYAGICYAACAGK
217,14,HEK293 cells,33838611,GRRRRRRRRR,0,GRRRRRRRRR
120,hPep2,HeLa cells,34440250,LAKLAKAAAKLLKAAAKAL,0,LAKLAKAAAKLLKAAAKAL
627,XI,CHO pgsB-618 cells,22100438,CGRKKRRQRRLLRPPQ,1,CGRKKRRQRRLLRPPQ
1158,P-VI,A549 cells,25468041,GANIIAALLAPIC,0,Ac-Aib-NII-Aib-Aib-LL-Aib-PIC-NH2
1273,K-FGF,U87 cells,30240193,CAAVALLPAVLLAHLLAP,0,CAAVALLPAVLLAHLLAP
72,[RW]5,A549 cells,28694765,RWRWRWRWRW,0,RWRWRWRWRW
415,Penetratin {pAntp-(43-58)},HeLa,15937518,RQIKIWFQNRRMKWKK,1,RQIKIWFQNRRMKWKK
670,P8,HeLa cells,25459448,RRWRRWNRFNRRRCR,1,RRWRRWNRFNRRRCR
902,R5W3R4,A549 cells,28694765,RRRRRWWWRRRR,1,RRRRRWWWRRRR
862,PepB2,CHO-K1 cells,29247010,NVFKGNTISDKISFNFSDK,1,NVFKGNTISDKISFNFSDK
437,R11-PKI,A549 cells,15937518,RRRRRRRRRRRTYADFIASGRTGRRNAI,1,RRRRRRRRRRRTYADFIASGRTGRRNAI
557,MCoTI-M5,HeLa,24985034,GGVCPRILRRCRRDSDCPGACICRGNGYCGSGSK,1,GGVCPRILRRCRRDSDCPGACICRGNGYCGSGSK
1008,[RW]6,A549 cells ,27074859,RWRWRWRWRWRW,1,RWRWRWRWRWRW
882,K2W4K2,MCF-7 cel,28933182,KKWWWWKK,1,KKWWWWKK
1108,hLF Hcy,HeLa,24270856,KCFQWQRNMRKVRGPPVSCIKR,0,K-Hcy-FQWQRNMRKVRGPPVS-Hcy-IKR-NH2
626,XI,CHO wt,22100438,CGRKKRRQRRLLRPPQ,1,CGRKKRRQRRLLRPPQ
524,G(SG)4TP10,KG1a cells,25108152,AGYLLGKINLKALAALAKKIL,1,AGYLLGKINLKALAALAKKIL
599,II,CHO wt,22100438,CGRKKRWWRQRRRPPQ,1,CGRKKRWWRQRRRPPQ
330,Crot (27-39) derevative,NIH-3T3,21319732,KMDSRWRWKCSKK,1,KMDSRWRWKCSKK
920,HSP60MTS (2–14)-sC18,HeLa cells,30367921,LRSSVVRSRATLRGLRKRLRKFRNKIKEK,1,LRSSVVRSRATLRGLRKRLRKFRNKIKEK
1251,hCT(9-32),A375-R cells,30240193,CLGTYTQDFNKFHTFPQTAIGVGAP,0,CLGTYTQDFNKFHTFPQTAIGVGAP
321,Crot (27-39) derevative,NIH-3T3,21319732,CRWRWKCGCKK,1,CRWRWKCGCKK
1123,BP330,MCF-7 cells,24480922,CREKAKKLFKKILKKL,0,CREKAKKLFKKILKKL-NH2
934,HSP60MTS (2–14),MCF-7 cells,30367921,LRSSVVRSRATLR,1,LRSSVVRSRATLR
470,hLF R13A,HeLa,24270856,KCFQWQRNMRKVRGPPVSCIKR,1,KCFQWQRNMRKVRGPPVSCIKR
590,MTS-(5-FAM)- H3R8,MCF-7 cells,25547808,HHHRRRRRRRR,1,HHHRRRRRRRR
809,PEN0,HeLa cells,31936737,RRMKWKK,1,RRMKWKK
1088,Crot (27-39) derivative,NIH-3T3,21319732,CRWRWKCCKK,0,CrwrwKCCKK
1135,XV,ARPE-19,22100438,CGRKKRKRQRRRPPQ,0,CGRKKR-Ahx-RQRRRPPQ
610,VI,ARPE-19,22100438,CGRKKRAARQRRRPPQ,1,CGRKKRAARQRRRPPQ
60,SI-ULK1 micelle,HepG2 cells,29787814,GRKKRRQRRR,0,GRKKRRQRRR
438,MAP,A549,21875799,KLALKLALKALKAALKLAGC,1,KLALKLALKALKAALKLAGC
931,ALD5MTS (2–17),MCF-7 cells,30367921,LSRTRAAAPNSRIFTR,1,LSRTRAAAPNSRIFTR
92,cR10,MCF7 cells,33533253,KRRRRRRRRRRE,0,KRRRRRRRRRRE
1067,D-R5,Jurkat,11087855,KRRRRR,0,Ahx-rrrrr
1085,Crot (27-39) derivative,NIH-3T3,21319732,CRWRWKCCKK,0,CRwRWKCCKK
356,No.14-25,CHO,19956900,RLFMRFYSPTTRRYG,1,RLFMRFYSPTTRRYG
198,A3u,HeLa cells,33355559,AGRRKKRRARRR,0,AGRRKKRRARRR
285,Retro - Tat (57-49),Jurkat,11087855,RRRQRRKKR,1,RRRQRRKKR
712,ZF5.3,Saos-2 cells,30410976,MYSCNVCGKAFVLSRHLNRHLRVHRRAT,1,MYSCNVCGKAFVLSRHLNRHLRVHRRAT
498,R9-PCP,HeLa,24896852,GRRRRRRRRRADELI,0,Ac-RRRRRRRRR-miniPEG_linker-DELI
364,Bac5-24,RAW 264.7,12450378,PRPPRLPRPRPRPLPFPRPG,1,PRPPRLPRPRPRPLPFPRPG
1231,HIV-TAT,9L-R cells,30240193,CYGRKKRRQRRR,0,CYGRKKRRQRRR
787,Ara-27,HDF cells,32374475,RNQRKTVRCFRCRQAGHWISDCRLKSK,1,RNQRKTVRCFRCRQAGHWISDCRLKSK
1171,CKRRMKWKK,RAW 264.7,35024246,CKRRMKWKK,0,CKRRMKWKK
588,V2R,Jurkat E6 cells,25524829,RRRRRR,1,RRRRRR
1201,Ac5c,CHO-K1,30718681,RRPRRPRRP,0,RR-Ac5c-RR-Ac5c-RR-Ac5c-NH2
833,Mel-lip,bEnd.3 cell,32561686,GIGAVLKVLTTGLPALISWIKRKRQ,1,GIGAVLKVLTTGLPALISWIKRKRQ
810,PEN0,HeLa cells,31936737,RRMKWKK,1,RRMKWKK
186,Cf-Magainin,MonoMac6 cells,30099595,GIGKFLHSAKKFGKAFVGEIMNS,0,GIGKFLHSAKKFGKAFVGEIMNS
1126,SFTI-M7,HeLa,24985034,GRCTKSIPPICFPD,0,GR-Abu-TKSIPPI-Abu-FPD
1224,HSV1-VP22,LN18 cells,30240193,CDAATATRGRSAASRPTERPRAPARSASRPRRPVD,0,CDAATATRGRSAASRPTERPRAPARSASRPRRPVD
110,Conjugate 2a,U87 cells,31243977,GLRKRLRKFRNKIKEK,0,GLRKRLRKFRNKIKEK
375,hLF peptide,HeLa,19858187,KCFQWQRNMRKVRGPPVSCIKR,1,KCFQWQRNMRKVRGPPVSCIKR
463,hLF WT,Caco-2 cells,24270856,KCFQWQRNMRKVRGPPVSCIKR,1,KCFQWQRNMRKVRGPPVSCIKR
244,Butyl-TH,HeLa cells,28603674,AGYLLGHINLHHLAHLAHHIL,0,AGYLLGHINLHHLAHLAHHIL
792,Ara-27,hDPSC cells,32374475,RNQRKTVRCFRCRQAGHWISDCRLKSK,1,RNQRKTVRCFRCRQAGHWISDCRLKSK
700,DAPK1,U87,34504427,AAKFIKKRRTKSS,1,AAKFIKKRRTKSS
659,44,K562,22805558,KRPTMRFRYTWNPMK,1,KRPTMRFRYTWNPMK
208,6,RAW264.7 cells,30095906,YGRKKRRQRRRCAGFAWNVCVYRNGVRVCHRRAN,0,YGRKKRRQRRRCAGFAWNVCVYRNGVRVCHRRAN
594,LMWP-TAZ,Cultured Human Dental Pulp Stem Cells (hDPSCs),21990606,VSRRRRRRGGRRRR,1,VSRRRRRRGGRRRR
909,Scp01-b,Caski cells,30230543,VSRRRRRRGGRRRRGGGSYARVRRRGPRRGYARVRRRGPRR,1,VSRRRRRRGGRRRRGGGSYARVRRRGPRRGYARVRRRGPRR
721,NS1,eGFP HeLa 654,29721534,HDLPKGG,1,HDLPKGG
1043,CTX-M1,HeLa cells,28459137,MCMPCFTTDHQMARRCDDCCGGRGRGKCYGPQCLCR,1,MCMPCFTTDHQMARRCDDCCGGRGRGKCYGPQCLCR
615,VII,CHO pgsB-618 cells,22100438,CGRKKRRQRRAARPPQ,1,CGRKKRRQRRAARPPQ
1111,FAM-2,HeLa,24661993,ARRARRARRA,0,betaA-Rr-Aib-Rr-Aib-Rr-Aib
187,Cf-Melittin,MonoMac6 cells,30099595,GIGAVLKVLTTGLPALISWIKRKRQQ,0,GIGAVLKVLTTGLPALISWIKRKRQQ
137,R9/E9,A549 cells ,27074859,RRRRRRRRREEEEEEEEE,0,RRRRRRRRREEEEEEEEE
739,Crotamine,P. falciparum-infected erythrocytes,35074306,YKQCHKKGGHCFPKEKICLPPSSDFGKMDCRWRWKCCKKGSG,1,YKQCHKKGGHCFPKEKICLPPSSDFGKMDCRWRWKCCKKGSG
80,SynB1–ELP1–dnMAML,D54 cells,28140690,RGGRLSYSRRRFSTSTGRVPGVVVVVGGGAAGLPRHSAVMERLRRRIELCRRHHSTCEARYEAVSPERLELERQHTFALHQRCIQAKAKRAGKH,0,RGGRLSYSRRRFSTSTGRVPGVVVVVGGGAAGLPRHSAVMERLRRRIELCRRHHSTCEARYEAVSPERLELERQHTFALHQRCIQAKAKRAGKH
891,W3K4W3,MCF-7 cel,28933182,WWWKKKKWWW,1,WWWKKKKWWW
534,TAT-ELPBC,HeLa,24611762,YGRKKRRQRRR,1,YGRKKRRQRRR
1023,?1H,HBMEC cells,28096156,KSKTEYYNAWAVWERNAP,1,KSKTEYYNAWAVWERNAP
168,L1,HeLa cells,27966361,MIILIIGSTSRDHMVLHEYVNAAGIT,0,MIILIIGSTSRDHMVLHEYVNAAGIT
253,sDRIM,HEK293 cells,28921993,QQRKRKIWSKLAPDGTTLVKLVAGIG,0,QQRKRKIWSKLAPDGTTLVKLVAGIG
312,Crot (27-39) derevative,NIH-3T3,21319732,SRWRWKCCKK,1,SRWRWKCCKK
855,PasR8-lip,bEnd.3 cell,32561686,FFLIPKGRRRRRRRRGC,1,FFLIPKGRRRRRRRRGC
539,IA4b,HeLa,24697151,ACSGRGRGCGRGRGSCG,1,ACSGRGRGCGRGRGSCG
339,No.14-8,CHO,19956900,RLWMRWYSPWTRRYG,1,RLWMRWYSPWTRRYG
97,cTAT-KD3,HeLa cells,33533253,KRRRGGKKRRDLTFKEYWDQLTSAA,0,KRRRGGKKRRDLTFKEYWDQLTSAA
800,TAT4,HeLa cells,31936737,GRKKRRQRRR,1,GRKKRRQRRR
681,AHRR,HeLa,34504427,GECTYAGRKRRRPLQK,1,GECTYAGRKRRRPLQK
905,CVP1-N2,HCT116 cells,33141296,LKRLRRRYKFRHRRRQRYRRR,1,LKRLRRRYKFRHRRRQRYRRR
848,kFGF-Tf-lip,bEnd.3 cell,32561686,AAVALLPAVLLALLAP,1,AAVALLPAVLLALLAP
1090,Crot (27-39) derivative,NIH-3T3,21319732,KMDCRWRWKCCKK,0,KMD-Abu-RWRWK-Abu-CKK
1060,STRAP-1,MDA-MB-231 cells,35839086,KRKIFCL,1,KRKIFCL
1152,TV-XIIa,A549 cells,25468041,GANIIAPLLAPIC,0,Ac-Aib-NII-Aib-PLL-Aib-PIC-NH2
307,Crot (27-39) derevative,NIH-3T3,21319732,KMDRWRWKKK,1,KMDRWRWKKK
1044,CTX-M2,HeLa cells,28459137,MCMPCFTTDHQMARRCDDCCGGRGRGKCWGPQCLCR,1,MCMPCFTTDHQMARRCDDCCGGRGRGKCWGPQCLCR
393,TFIIE BETA,MCF-7,12204694,SKKKKTKV,1,SKKKKTKV
240,Isopropyl-TH,HeLa cells,28603674,AGYLLGHINLHHLAHLAHHIL,0,AGYLLGHINLHHLAHLAHHIL
913,CREKA,U87 cells,29686590,CREKAPLGLAGRKKRRQRRRC,1,CREKAPLGLAGRKKRRQRRRC
853,PasR8-lip,bEnd.3 cell,32561686,FFLIPKGRRRRRRRRGC,1,FFLIPKGRRRRRRRRGC
310,Crot (27-39) derevative,NIH-3T3,21319732,KRWRWKCCKK,1,KRWRWKCCKK
1248,Ku-70,LN18 cells,30240193,CPMLKE,0,CPMLKE
1034,pHLIP,MCF-7 cells,25853477,AEQNPIYWARYADWLFTTPLLLLDLALLVDADEGTCG,1,AEQNPIYWARYADWLFTTPLLLLDLALLVDADEGTCG
254,sWWSP,HEK293 cells,28921993,PLIKLRLDRGQF,0,PLIKLRLDRGQF
850,kFGF-Tf-lip,bEnd.3 cell,32561686,AAVALLPAVLLALLAP,1,AAVALLPAVLLALLAP
71,Dabcyl,HEK-293T cell,34277705,RRRPPWLRLDIRRK,0,RRRPPWLRLDIRRK
94,cR10-KD3,MCF7 cells,33533253,KRRRRRRRRRRELTFKEYWDQLTSAA,0,KRRRRRRRRRRELTFKEYWDQLTSAA
779,CAAKA,LN18 cells,30240193,CAAKA,1,CAAKA
33,pHK-PASA488,pgsA-745 cells,28183803,MIASHLLAYFFTELNGKPILFF,0,MIASHLLAYFFTELNGKPILFF
929,sC18,HeLa cells,30367921,GLRKRLRKFRNKIKEK,1,GLRKRLRKFRNKIKEK
453,STR-R8,CHO-K1 cells,25193363,RRRRRRRR,1,RRRRRRRR
450,Ypep-GFP-Ypep,human embryonic lung fibroblasts (MRC-9),23521800,YTFGLKTSFNVQYTFGLKTSFNVQ,1,YTFGLKTSFNVQYTFGLKTSFNVQ
928,sC18,HeLa cells,30367921,GLRKRLRKFRNKIKEK,1,GLRKRLRKFRNKIKEK
1133,XIV,CHO wt,22100438,CGRKKRRQRRKRPPQ,0,CGRKKRRQRR-Ahx-RPPQ
762,[(RW)5K](RW)5,SK-OV-3,34491768,RWRWRWRWRWKRWRWRWRWRW,1,RWRWRWRWRWKRWRWRWRWRW
77,R12-EMCS,CHO-K1 cells ,28512335,CGRRRRRRRRRRRR,0,CGRRRRRRRRRRRR
84,SynB1–ELP1–dnMAML,U251 cells,28140690,RGGRLSYSRRRFSTSTGRVPGVVVVVGGGAAGLPRHSAVMERLRRRIELCRRHHSTCEARYEAVSPERLELERQHTFALHQRCIQAKAKRAGKH,0,RGGRLSYSRRRFSTSTGRVPGVVVVVGGGAAGLPRHSAVMERLRRRIELCRRHHSTCEARYEAVSPERLELERQHTFALHQRCIQAKAKRAGKH
602,III,CHO wt,22100438,CGRKKRRQRRWWRPPQ,1,CGRKKRRQRRWWRPPQ
82,SynB1–ELP2–dnMAML,D54 cells,28140690,RGGRLSYSRRRFSTSTGRVPGVGGGGGGGAAAAAAAAGLPRHSAVMERLRRRIELCRRHHSTCEARYEAVSPERLELERQHTFALHQRCIQAKAKRAGKH,0,RGGRLSYSRRRFSTSTGRVPGVGGGGGGGAAAAAAAAGLPRHSAVMERLRRRIELCRRHHSTCEARYEAVSPERLELERQHTFALHQRCIQAKAKRAGKH
462,hLF WT,Ovcar-3 cells,24270856,KCFQWQRNMRKVRGPPVSCIKR,1,KCFQWQRNMRKVRGPPVSCIKR
715,"""1746""",HEK293,30135446,PLKPKKPKTQEKKKKQPPKPKKPKTQEKKKKQPPKPKR,1,PLKPKKPKTQEKKKKQPPKPKKPKTQEKKKKQPPKPKR
827,R2W4R2,MCF-7 cells,32116040,RRWWWWRR,1,RRWWWWRR
441,FP-lipo,Human keratinocyte (HaCaT) cell,23515421,KETWWETWWTEWSQPKKKRKVC,1,KETWWETWWTEWSQPKKKRKVC
1125,SFTI-M6,HeLa,24985034,GRCTKSIPPICFPD,0,GR-Abu-TKSIPPI-Abu-FPD
1006,R9,A549 cells ,27074859,RRRRRRRRR,1,RRRRRRRRR
409,PolyP 6,HeLa,15054781,VHLPPPVHLPPPVHLPPP,1,VHLPPPVHLPPPVHLPPP
1110,ent FAM-1,HeLa,24661993,ARRARRARRA,0,betaA-rr-Aib-rr-Aib-rr-Aib
673,AKIP1,HeLa,34504427,VLERAKRRAV,1,VLERAKRRAV
720,PPC5,eGFP HeLa 654,29721534,GRKAARAPGRRKQ,1,GRKAARAPGRRKQ
104,cR10,HeLa cells,33533253,KRRRRRRRRRRE,0,KRRRRRRRRRRE
743,TmP(Man)6,HeLa,34994362,KRKLRRLLRRLKRL,1,KRKLRRLLRRLKRL
671,Tat,HeLa cells,25459448,GRKKRRQRRRPPQ,1,GRKKRRQRRRPPQ
62,SI-ULK1/Rhodamine micelle,HepG2 cells,29787814,GRKKRRQRRR,0,GRKKRRQRRR
286,Ala49 substitution mutant of Tat (49-57),Jurkat,11087855,AKKRRQRRR,1,AKKRRQRRR
737,SynB1,NCI/ADR,35216417,RGGRLSYSRRRFSTSTGR,1,RGGRLSYSRRRFSTSTGR
243,Butyl-TH,HeLa cells,28603674,AGYLLGHINLHHLAHLAHHIL,0,AGYLLGHINLHHLAHLAHHIL
227,Lys(GEt)-peptide 4,HeLa cells,26814673,AGKKKKKKKKK,0,AGKKKKKKKKK
148,GA-TAT,EJ cells,29670331,YGRKKRRQRRR,0,YGRKKRRQRRR
1189,Arg,CHO-K1,30718681,RRRRRRRRR,0,RRRRRRRRR-NH2
378,M3,HeLa,19858187,KCFQWQRNMRKVR,1,KCFQWQRNMRKVR
118,Conjugate 2a,MCF7 cells,31243977,GLRKRLRKFRNKIKEK,0,GLRKRLRKFRNKIKEK
1070,D-R8,Jurkat,11087855,KRRRRRRRR,0,Ahx-rrrrrrrr
255,sKFGF,HEK293 cells,28921993,AAKLLPDLLAAP,0,AAKLLPDLLAAP
1227,HIV-TAT,A375-R cells,30240193,CYGRKKRRQRRR,0,CYGRKKRRQRRR
9,K-FGF,A375-R cells,30240193,CAAVALLPAVLLAHLLAP,0,CAAVALLPAVLLAHLLAP
454,STR-H8R8,CHO-K1 cells,25193363,HHHHHHHHRRRRRRRR,1,HHHHHHHHRRRRRRRR
987,NrTP-sC18*,HeLa cells,29977402,YKQCHKKGGKKGSGGLRKRLRKFRNK,1,YKQCHKKGGKKGSGGLRKRLRKFRNK
394,6-Oct,MCF-7,12204694,GRKRKKRT,1,GRKRKKRT
803,TAT4,HeLa cells,31936737,GRKKRRQRRR,1,GRKKRRQRRR
1017,?2H,HeLa cells,28096156,GNGEQREMAVSRLRDCLDRQA,1,GNGEQREMAVSRLRDCLDRQA
562,SFTI-M3,HeLa,24985034,GRCTKSIPPICWPD,1,GRCTKSIPPICWPD
465,hLF Q6A,HeLa,24270856,KCFQWQRNMRKVRGPPVSCIKR,1,KCFQWQRNMRKVRGPPVSCIKR
1184,Ac5cdOM,HeLa,30718681,RRPRRPRRP,0,RR-Ac5cdOM-RR-Ac5cdOM-RR-Ac5cdOM-NH2
147,biotinyl-GM3BP,HeLa cells,28051846,GWWYKGRARPVSAVAK,0,GWWYKGRARPVSAVAK
506,Xentry peptides,HepG2,24811205,IIIR,1,IIIR
1176,Arg,HeLa,30718681,RRRRRRRRR,0,RRRRRRRRR-NH2
544,VG-21,HEp-2,25154664,VTPHHVLVDEYTGEWVDSQFK,1,VTPHHVLVDEYTGEWVDSQFK
180,L1-7,HeLa cells,27966361,FIDIIIKILLIGSTSRDHLVLHEYVNAAGITA,0,FIDIIIKILLIGSTSRDHLVLHEYVNAAGITA
1229,HIV-TAT,MSTO-R cells,30240193,CYGRKKRRQRRR,0,CYGRKKRRQRRR
903,R5W3R4,A549 cells,28694765,RRRRRWWWRRRR,1,RRRRRWWWRRRR
648,2,MCF-7,22805558,DSLKSYWYLQKFSWR,1,DSLKSYWYLQKFSWR
1268,K-FGF,MSTO cells,30240193,CAAVALLPAVLLAHLLAP,0,CAAVALLPAVLLAHLLAP
7,integrin ß3,U87 cells,30240193,CVTVLALGALAGVGVG,0,CVTVLALGALAGVGVG
620,IX,CHO wt,22100438,CGRKKRAARQRAARAARPPQ,1,CGRKKRAARQRAARAARPPQ
951,HSP60MTS (2–14),TDA cells,30367921,LRSSVVRSRATLR,1,LRSSVVRSRATLR
362,Bac1-24,RAW 264.7,12450378,RRIRPRPPRLPRPRPRPLPFPRPG,1,RRIRPRPPRLPRPRPRPLPFPRPG
334,Bip2,HeLa,21359136,VPTLK,1,VPTLK
788,Ara-27,HDF cells,32374475,RNQRKTVRCFRCRQAGHWISDCRLKSK,1,RNQRKTVRCFRCRQAGHWISDCRLKSK
936,HSP60MTS (2–14)-sC18,MCF-7 cells,30367921,LRSSVVRSRATLRGLRKRLRKFRNKIKEK,1,LRSSVVRSRATLRGLRKRLRKFRNKIKEK
263,sKFGF,HeLa cells,28921993,AAKLLPDLLAAP,0,AAKLLPDLLAAP
981,KD3,HeLa cells,33533253,LTFKEYWDQLTSAA,1,LTFKEYWDQLTSAA
1007,R5W3R4,A549 cells ,27074859,RRRRRWWWRRRR,1,RRRRRWWWRRRR
868,PepB2,CHO-K1 cells,29247010,NVFKGNTISDKISFNFSDK,1,NVFKGNTISDKISFNFSDK
666,P4,HeLa cells,25459448,RRVWRRYRRQRWCRR,1,RRVWRRYRRQRWCRR
935,HSP60MTS (2–14),MCF-7 cells,30367921,LRSSVVRSRATLR,1,LRSSVVRSRATLR
530,CF-BP16,mouse embryonic fibroblast 3T3,24480922,KKLFKKILKKL,1,KKLFKKILKKL
918,HSP60MTS (2–14),HeLa cells,30367921,LRSSVVRSRATLR,1,LRSSVVRSRATLR
781,LDP-NLS,HeLa cells,28159722,KWRRKLKKLRPKKKRKV,1,KWRRKLKKLRPKKKRKV
1106,3b,HeLa,25188671,GRLLRLPRLP,0,gRLLRL-Ac5c-RL-Ac5c-NH2
1211,P1,BV2,34338123,KKKKKRFSFKKSFKLSGFSFKKNKK,0,KKKKKRFSFKKSFKLSGFSFKKNKK
445,Ypep-GFP,human embryonic lung fibroblasts (MRC-9),23521800,YTFGLKTSFNVQ,1,YTFGLKTSFNVQ
536,IA0 (Bicyclic) (integral arginine peptides),HeLa,24697151,ACSGSGSGCGSGSGSCG,1,ACSGSGSGCGSGSGSCG
231,TH,HeLa cells,28603674,AGYLLGHINLHHLAHLAHHIL,0,AGYLLGHINLHHLAHLAHHIL
233,TH,HeLa cells,28603674,AGYLLGHINLHHLAHLAHHIL,0,AGYLLGHINLHHLAHLAHHIL
1270,K-FGF,9L cells,30240193,CAAVALLPAVLLAHLLAP,0,CAAVALLPAVLLAHLLAP
216,13,HEK293 cells,33838611,GRRARRARRA,0,GRRARRARRA
79,SynB1–ELP1–dnMAML,D54 cells,28140690,RGGRLSYSRRRFSTSTGRVPGVVVVVGGGAAGLPRHSAVMERLRRRIELCRRHHSTCEARYEAVSPERLELERQHTFALHQRCIQAKAKRAGKH,0,RGGRLSYSRRRFSTSTGRVPGVVVVVGGGAAGLPRHSAVMERLRRRIELCRRHHSTCEARYEAVSPERLELERQHTFALHQRCIQAKAKRAGKH
151,GA-TAT,EJ cells,29670331,YGRKKRRQRRR,0,YGRKKRRQRRR
977,[F4S-Y13S]cTI,HaCaT cells,31714739,KWCSRVCYRGICSRRCRG,1,KWCSRVCYRGICSRRCRG
1049,NR2B9c,BCECs cells,32674358,KLSSIESDV,1,KLSSIESDV
654,44,Lovo,22805558,KRPTMRFRYTWNPMK,1,KRPTMRFRYTWNPMK
133,[RW]6/E9,A549 cells ,27074859,RWRWRWRWRWRWEEEEEEEEE,0,RWRWRWRWRWRWEEEEEEEEE
879,(KW)5,MCF-7 cel,28933182,KWKWKWKWKW,1,KWKWKWKWKW
413,hClock-(35-47),ECV-304,15346201,KRVSRNKSEKKRR,1,KRVSRNKSEKKRR
750,CyLoP-1,HeLa,27836642,CRWRWKCCKK,1,CRWRWKCCKK
512,Xentry peptides,HepG2,24811205,LCLQ,1,LCLQ
992,NrTP-sC18*,MCF7 cells,29977402,YKQCHKKGGKKGSGGLRKRLRKFRNK,1,YKQCHKKGGKKGSGGLRKRLRKFRNK
509,Xentry peptides,HepG2,24811205,LCLH,1,LCLH
753,[(RW)5K](RW),CCRF-CEM,34491768,RWRWRWRWRWKRWRWRWRWRW,1,RWRWRWRWRWKRWRWRWRWRW
352,No.14-3R,CHO,19956900,RLWMRWYSPTTRAYG,1,RLWMRWYSPTTRAYG
391,Tyr-Oct-6,DU-145,21029412,YYYAAGRKRKKRT,1,YYYAAGRKRKKRT
0,integrin ß3,A375 cells,30240193,CVTVLALGALAGVGVG,0,CVTVLALGALAGVGVG
365,Bac7-24,RAW 264.7,12450378,PPRLPRPRPRPLPFPRPG,1,PPRLPRPRPRPLPFPRPG
1204,KFE8-Tat,BMDC,32686113,FKFEFKFESGSGSGRKKRRQRRRPQ,1,FKFEFKFESGSGSGRKKRRQRRRPQ
480,hLF lin+4R,Caco-2 cells,24270856,KCFQWQRNMRKVRGPPVSCIKR,1,KCFQWQRNMRKVRGPPVSCIKR
1109,FAM-1,HeLa,24661993,ARRARRARRA,0,betaA-RR-Aib-RR-Aib-RR-Aib
864,PepB2,CHO-K1 cells,29247010,NVFKGNTISDKISFNFSDK,1,NVFKGNTISDKISFNFSDK
915,ALD5MTS (2–17),HeLa cells,30367921,LSRTRAAAPNSRIFTR,1,LSRTRAAAPNSRIFTR
175,L1-2,HeLa cells,27966361,KLIILIIDGSTSRDHLVLHEYVNAAGITA,0,KLIILIIDGSTSRDHLVLHEYVNAAGITA
455,STR-H8R15,CHO-K1 cells,25193363,HHHHHHHHRRRRRRRRRRRRRRR,1,HHHHHHHHRRRRRRRRRRRRRRR
125,hPep1,HeLa cells,34440250,LAKLAKAAAKLLKAAAKAL,0,LAKLAKAAAKLLKAAAKAL
711,Pen,Saos-2 cells,30410976,MRQIKIWFQNRRMKWKK,1,MRQIKIWFQNRRMKWKK
535,RTAT-ELPBC,HeLa,24611762,YGRGGRRGRRR,1,YGRGGRRGRRR
90,KT2,HCT 116 cells,31073999,NGVQPKYKWWKWWKKWW,0,NGVQPKYKWWKWWKKWW
1232,HIV-TAT,LN18 cells,30240193,CYGRKKRRQRRR,0,CYGRKKRRQRRR
185,Cf-Transportan,MonoMac6 cells,30099595,AGYLLGKINLKALAALAKKIL,0,AGYLLGKINLKALAALAKKIL
734,L4,A549,26942714,RWQW,1,RWQW
419,pAntpƒ??PKI,A549 cells,15937518,RQIKIWFQNRRMKWKKTYADFIASGRTGRRNAI,1,RQIKIWFQNRRMKWKKTYADFIASGRTGRRNAI
256,sMAP-1,HEK293 cells,28921993,KLALKALKKLKADLKLA,0,KLALKALKKLKADLKLA
69,Dabcyl,HEK-293T cell,34277705,RRRPPWLRLDIRRK,0,RRRPPWLRLDIRRK
131,R9/E9,A549 cells ,27074859,RRRRRRRRREEEEEEEEE,0,RRRRRRRRREEEEEEEEE
305,Crot (27-39) derevative,NIH-3T3,21319732,KMDCRWRWKCKK,1,KMDCRWRWKCKK
746,CyLoP-1,HeLa,27836642,CRWRWKCCKK,1,CRWRWKCCKK
331,Crot (27-39) derevative,NIH-3T3,21319732,KMDCRWRPKCCKK,1,KMDCRWRPKCCKK
1245,Ku-70,MSTO-R cells,30240193,CPMLKE,0,CPMLKE
1025,?2H,HBMEC cells,28096156,GNGEQREMAVSRLRDCLDRQA,1,GNGEQREMAVSRLRDCLDRQA
504,Xentry peptides,HepG2,24811205,LLLLR,1,LLLLR
1127,Peptide I,CHO-K1,25096299,RAELPRRAELPRRAELPRRAELPR,0,R-aeLP-RR-aeLP-RR-aeLP-RR-aeLP-R-NH2
369,Cyt C 71-101,U373MG cells,20659686,GTKMIFVGIKKKEERADLIAYLKKA,1,GTKMIFVGIKKKEERADLIAYLKKA
500,Antp-PCP,HeLa,24896852,GRQIKIWFQNRRMKWKKADELI,0,Ac-RQIKIWFQNRRMKWKK-miniPEG_linker-DELI
1186,Ac5c,HeLa,30718681,RRPRRPRRP,0,RR-Ac5c-RR-Ac5c-RR-Ac5c-NH2
343,No.14-13,CHO,19956900,RLAMRWYSPTTRRYG,1,RLAMRWYSPTTRRYG
426,Transportan,CHO K1,15937518,AGYLLGKINLKALAALAKKIL,1,AGYLLGKINLKALAALAKKIL
167,C2,HeLa cells,27966361,YLKFIPLKDAIWKIK,0,YLKFIPLKDAIWKIK
28,pHKA489,CHO-K1 cells,28183803,MIASHLLAYFFTELN,0,MIASHLLAYFFTELN
521,F(SG)4TP10,HeLa,25108152,AGYLLGKINLKALAALAKKIL,1,AGYLLGKINLKALAALAKKIL
197,A11,HeLa cells,33355559,YGRKARRQRR,0,YGRKARRQRR
994,VaspinN,HEK293 cells,33866927,LKPSFSPRNY,1,LKPSFSPRNY
875,(KW)4,MCF-7 cel,28933182,KWKWKWKW,1,KWKWKWKW
172,C1,HeLa cells,27966361,FIDLKRKIWLIK,0,FIDLKRKIWLIK
885,K3W4K3,MCF-7 cel,28933182,KKKWWWWKKK,1,KKKWWWWKKK
657,44,HepG2,22805558,KRPTMRFRYTWNPMK,1,KRPTMRFRYTWNPMK
176,L1-3,HeLa cells,27966361,LIILIIGSTSRDHLVLHEYVNAAGITA,0,LIILIIGSTSRDHLVLHEYVNAAGITA
523,G(SG)4TP10,HeLa,25108152,AGYLLGKINLKALAALAKKIL,1,AGYLLGKINLKALAALAKKIL
1036,pHLIP,MCF-7/Adr cells,25853477,AEQNPIYWARYADWLFTTPLLLLDLALLVDADEGTCG,1,AEQNPIYWARYADWLFTTPLLLLDLALLVDADEGTCG
785,Tat-PTD,HDF cells,32374475,GRKKRRQRRK,1,GRKKRRQRRK
496,IPL,LNCaP,24704199,IPLVVPLC,1,IPLVVPLC
73,[RW]5,A549 cells,28694765,RWRWRWRWRW,0,RWRWRWRWRW
1170,CKRRMKWKK,HepG2,35024246,CKRRMKWKK,0,CKRRMKWKK
592,fTAT,HeLa,24930129,CKYGRKKRRQRRR,1,CKYGRKKRRQRRR
662,low molecular weight protamine (LMWP),Caco-2 cell culture,23863452,VSRRRRRRGGRRRR,1,VSRRRRRRGGRRRR
239,Ethyl-TH,HeLa cells,28603674,AGYLLGHINLHHLAHLAHHIL,0,AGYLLGHINLHHLAHLAHHIL
218,PI,A549 cells,27480031,KLALKLALKALKAALKLAGCRGDFC,0,KLALKLALKALKAALKLAGCRGDFC
165,L4,HeLa cells,27966361,LKRAIWLIKGSTSRDHMVLHEYVNAAGIT,0,LKRAIWLIKGSTSRDHMVLHEYVNAAGIT
132,R5W3R4/E9,A549 cells ,27074859,RRRRRWWWRRRREEEEEEEEE,0,RRRRRWWWRRRREEEEEEEEE
869,PepB2,CHO-K1 cells,29247010,NVFKGNTISDKISFNFSDK,1,NVFKGNTISDKISFNFSDK
820,Tat,HeLa cells,34152716,YGRKKRRQRRRPPQG,1,YGRKKRRQRRRPPQG
1046,CTX-M2,HeLa cells,28459137,MCMPCFTTDHQMARRCDDCCGGRGRGKCWGPQCLCR,1,MCMPCFTTDHQMARRCDDCCGGRGRGKCWGPQCLCR
189,A2,HeLa cells,33355559,AGRKARRQRRR,0,AGRKARRQRRR
41,CPP-Dot1l ,MCF7 cells,32024261,KARKKKLNKKGRKMAGRKRGRPKK,0,KARKKKLNKKGRKMAGRKRGRPKK
697,AKIP1,U87,34504427,VLERAKRRAV,1,VLERAKRRAV
108,Conjugate 1a,HT-29 cells,31243977,GLRKRLRKFRNKIKEK,0,GLRKRLRKFRNKIKEK
959,CalpMTS (2–19)-sC18 ,TDA cells,30367921,SEEIITPVYCTGVSAQVQKGLRKRLRKFRNKIKEK,1,SEEIITPVYCTGVSAQVQKGLRKRLRKFRNKIKEK
573,TP-biot1,HCT116,25511292,GWTLNSAGYLLGKINLKALAALAKKIL,1,GWTLNSAGYLLGKINLKALAALAKKIL
729,L11,A549,26942714,KCRRWQWRMKK,1,KCRRWQWRMKK
1078,Crot (27-39) derivative,NIH-3T3,21319732,MDCRWRWKCCKK,0,MDCRWRWK-Abu-Abu-KK
1225,HSV1-VP22,U87 cells,30240193,CDAATATRGRSAASRPTERPRAPARSASRPRRPVD,0,CDAATATRGRSAASRPTERPRAPARSASRPRRPVD
488,hLF K7,Caco-2 cells,24270856,KCFQWQRNMRKVRGPPVSCIKR,1,KCFQWQRNMRKVRGPPVSCIKR
473,hLF +4R,HeLa,24270856,KCFQWQRNMRKVRGPPVSCIKR,1,KCFQWQRNMRKVRGPPVSCIKR
24,pHK-PASA488,CHO-K1 cells,28183803,MIASHLLAYFFTELNGKPILFF,0,MIASHLLAYFFTELNGKPILFF
752,CLIP6,DC2.4 cells,31339694,KVRVRVRVDPPTRVRERVKC,1,KVRVRVRVDPPTRVRERVKC
1185,Ac5cdOM,HeLa,30718681,RRPRRPRRP,0,RR-Ac5cdOM-RR-Ac5cdOM-RR-Ac5cdOM-NH2
843,kFGF-lip,bEnd.3 cell,32561686,AAVALLPAVLLALLAP,1,AAVALLPAVLLALLAP
1076,Crot (27-39) derivative,NIH-3T3,21319732,CRWRWKCCKK,0,CRWRWKC-Abu-KK
371,Cyt 79-92,U373MG cells,20659686,KMIFVGIKKKEERA,1,KMIFVGIKKKEERA
948,ALD5MTS (2–17)-sC18,TDA cells,30367921,LSRTRAAAPNSRIFTRGLRKRLRKFRNKIKEK,1,LSRTRAAAPNSRIFTRGLRKRLRKFRNKIKEK
1138,XVI,ARPE-19,22100438,CGRKKRRQRKRRPPQ,0,CGRKKRRQR-Ahx-RRPPQ
388,6-Oct,DU-145,21029412,GRKRKKRT,1,GRKRKKRT
722,NS2,eGFP HeLa 654,29721534,AGSHRRL,1,AGSHRRL
459,1b,HeLa,25188671,RLLRLLRLL,1,RLLRLLRLL
269,L17E,HeLa cells,35395514,IWLTALKFLGKHAAKHEAKQQLSKLGK,0,IWLTALKFLGKHAAKHEAKQQLSKLGK
851,kFGF-Tf-lip,bEnd.3 cell,32561686,AAVALLPAVLLALLAP,1,AAVALLPAVLLALLAP
237,Ethyl-TH,HeLa cells,28603674,AGYLLGHINLHHLAHLAHHIL,0,AGYLLGHINLHHLAHLAHHIL
449,Ypep-GFP-Ypep,Human prostate carcinoma cells (LNCaP),23521800,YTFGLKTSFNVQYTFGLKTSFNVQ,1,YTFGLKTSFNVQYTFGLKTSFNVQ
400,SynB3,K562 cells,12783857,RRLSYSRRRF,1,RRLSYSRRRF
832,Mel-lip,bEnd.3 cell,32561686,GIGAVLKVLTTGLPALISWIKRKRQ,1,GIGAVLKVLTTGLPALISWIKRKRQ
179,L1-6,HeLa cells,27966361,PLILLRLLRGSTSRDHLVLHEYVNAAGITA,0,PLILLRLLRGSTSRDHLVLHEYVNAAGITA
18,pHK-PASA488,HeLa cells,28183803,MIASHLLAYFFTELNGKPILFF,0,MIASHLLAYFFTELNGKPILFF
1116,Xentry peptides,HepG2,24811205,VCVR,0,vcvr
914,ALD5MTS (2–17),HeLa cells,30367921,LSRTRAAAPNSRIFTR,1,LSRTRAAAPNSRIFTR
919,HSP60MTS (2–14),HeLa cells,30367921,LRSSVVRSRATLR,1,LRSSVVRSRATLR
766,CB4-sC18,HeLa cells,34959356,GLRKRLRKFRNKIKEK,1,GLRKRLRKFRNKIKEK
600,II,CHO pgsB-618 cells,22100438,CGRKKRWWRQRRRPPQ,1,CGRKKRWWRQRRRPPQ
61,Rhodamine micelle,HepG2 cells,29787814,GRKKRRQRRR,0,GRKKRRQRRR
277,Oleyl-R3-(HR)4,MDA-MB-231 cells,35456715,RRRHRHRHRHR,0,RRRHRHRHRHR
1196,(alpha_Me)Leu,CHO-K1,30718681,RRLRRLRRL,0,RR-MeLeu-RR-MeLeu-RR-MeLeu-NH2
283,Tat (50-57),Jurkat,11087855,KKRRQRRR,1,KKRRQRRR
950,HSP60MTS (2–14),TDA cells,30367921,LRSSVVRSRATLR,1,LRSSVVRSRATLR
699,CCNL2,U87,34504427,NTKRRLEGAKKA,1,NTKRRLEGAKKA
373,Cyt 4-13,U373MG cells,20659686,EKGKKIFIMK,1,EKGKKIFIMK
1002,[RW]6,A549 cells ,27074859,RWRWRWRWRWRW,1,RWRWRWRWRWRW
742,TmP(Man)4,HeLa,34994362,RKLRRLLRRLKRL,1,RKLRRLLRRLKRL
924,BNA3MTS (2–7)-sC18,HeLa cells,30367921,KQRFIRGLRKRLRKFRNKIKEK,1,KQRFIRGLRKRLRKFRNKIKEK
971,cTI,HeLa cells,31714739,KWCFRVCYRGICYRRCRG,1,KWCFRVCYRGICYRRCRG
1028,?2H,HBMEC cells,28096156,GNGEQREMAVSRLRDCLDRQA,1,GNGEQREMAVSRLRDCLDRQA
865,PepB2,CHO-K1 cells,29247010,NVFKGNTISDKISFNFSDK,1,NVFKGNTISDKISFNFSDK
552,MCoTI-II,HeLa,24985034,GGVCPKILKKCRRDSDCPGACICRGNGYCGSGSD,1,GGVCPKILKKCRRDSDCPGACICRGNGYCGSGSD
995,VaspinHA1,HEK293 cells,33866927,KALSEVQGWKQRMAAKELAR,1,KALSEVQGWKQRMAAKELAR
693,AHRR,PC3,34504427,GECTYAGRKRRRPLQK,1,GECTYAGRKRRRPLQK
745,TmP(Gal)6,HeLa,34994362,KRKLRRLLRRLKRL,1,KRKLRRLLRRLKRL
1016,?1H,HeLa cells,28096156,KSKTEYYNAWAVWERNAP,1,KSKTEYYNAWAVWERNAP
461,hLF WT,Jurkat E6.1 leukemia cells,24270856,KCFQWQRNMRKVRGPPVSCIKR,1,KCFQWQRNMRKVRGPPVSCIKR
398,C.e SDC3,MCF-7,12204694,FKKFRKF,1,FKKFRKF
680,NOP53,HeLa,34504427,AEADKPRRLGRLK,1,AEADKPRRLGRLK
1029,A1,HeLa cells,33355559,YGRKKRRQRRR,1,YGRKKRRQRRR
735,SynB1,MCF7,35216417,RGGRLSYSRRRFSTSTGR,1,RGGRLSYSRRRFSTSTGR
424,Tat-PKI,HeLa,15937518,GRKKRRQRRRPPQTYADFIASGRTGRRNAI,1,GRKKRRQRRRPPQTYADFIASGRTGRRNAI
380,M5,HeLa,19858187,QWQRNMRKVRGPPVSCIKR,1,QWQRNMRKVRGPPVSCIKR
417,pAntpƒ??PKI,CHO K1,15937518,RQIKIWFQNRRMKWKKTYADFIASGRTGRRNAI,1,RQIKIWFQNRRMKWKKTYADFIASGRTGRRNAI
74,[RW]5,A549 cells,28694765,RWRWRWRWRW,0,RWRWRWRWRW
1192,Leu,CHO-K1,30718681,RRLRRLRRL,0,RRLRRLRRL-NH2
975,cTI,HaCaT cells,31714739,KWCFRVCYRGICYRRCRG,1,KWCFRVCYRGICYRRCRG
505,Xentry peptides,HepG2,24811205,LLLRR,1,LLLRR
904,CVP1-N2,HCT116 cells,33141296,LKRLRRRYKFRHRRRQRYRRR,1,LKRLRRRYKFRHRRRQRYRRR
621,IX,CHO pgsB-618 cells,22100438,CGRKKRAARQRAARAARPPQ,1,CGRKKRAARQRAARAARPPQ
114,Conjugate 1a,HT-29 cells,31243977,GLRKRLRKFRNKIKEK,0,GLRKRLRKFRNKIKEK
422,Tat,A549 cells,15937518,GRKKRRQRRRPPQ,1,GRKKRRQRRRPPQ
606,IV,CHO pgsB-618 cells,22100438,CGRKKRRQRWWRRPPQ,1,CGRKKRRQRWWRRPPQ
609,V,CHO pgsB-618 cells,22100438,CGRKKRWWRQRWWRWWRPPQ,1,CGRKKRWWRQRWWRWWRPPQ
89,KT2,HCT 116 cells,31073999,NGVQPKYKWWKWWKKWW,0,NGVQPKYKWWKWWKKWW
973,[F4S-Y13S]cTI,HeLa cells,31714739,KWCSRVCYRGICSRRCRG,1,KWCSRVCYRGICSRRCRG
1219,HSV1-VP22,A375-R cells,30240193,CDAATATRGRSAASRPTERPRAPARSASRPRRPVD,0,CDAATATRGRSAASRPTERPRAPARSASRPRRPVD
760,[(RW)5K](RW)3,SK-OV-3,34491768,RWRWRWRWRWKRWRWRWRWRW,1,RWRWRWRWRWKRWRWRWRWRW
503,Xentry peptides,HepG2,24811205,LLLR,1,LLLR
1097,Crot (27-39) derivative,NIH-3T3,21319732,KMDCRPRPKCCKK,0,KMDCRPRPK-Abu-CKK
998,VaspinHA1,3T3-L1 cells,33866927,KALSEVQGWKQRMAAKELAR,1,KALSEVQGWKQRMAAKELAR
996,VaspinHA2,HEK293 cells,33866927,KQRMAAKELAR,1,KQRMAAKELAR
11,K-FGF,MSTO-R cells,30240193,CAAVALLPAVLLAHLLAP,0,CAAVALLPAVLLAHLLAP
401,SynB5,K562 cells,12783857,RGGRLAYLRRRWAVLGR,1,RGGRLAYLRRRWAVLGR
845,kFGF-lip,bEnd.3 cell,32561686,AAVALLPAVLLALLAP,1,AAVALLPAVLLALLAP
560,SFTI-M1,HeLa,24985034,GACTKSIPPICFPD,1,GACTKSIPPICFPD
42,CPP-Dot1l ,MCF7 cells,32024261,KARKKKLNKKGRKMAGRKRGRPKK,0,KARKKKLNKKGRKMAGRKRGRPKK
170,L3,HeLa cells,27966361,PWPRVPWRWGSTSRDHMVLHEYVNAAGIT,0,PWPRVPWRWGSTSRDHMVLHEYVNAAGIT
421,Tat,HeLa,15937518,GRKKRRQRRRPPQ,1,GRKKRRQRRRPPQ
581,MTpl-1,HeLa cells,25514997,KWSFRVSYRGISYRRSRGK,1,KWSFRVSYRGISYRRSRGK
272,R2L17E,HeLa cells,35395514,RRGIWLTALKFLGKHAAKHEAKQQLSKLGK,0,RRGIWLTALKFLGKHAAKHEAKQQLSKLGK
911,Scp01-b,Caski cells,30230543,VSRRRRRRGGRRRRGGGSYARVRRRGPRRGYARVRRRGPRR,1,VSRRRRRRGGRRRRGGGSYARVRRRGPRRGYARVRRRGPRR
431,Transportan-PKI,A549 cells,15937518,AGYLLGKINLKALAALAKKILTYADFIASGRTGRRNAI,1,AGYLLGKINLKALAALAKKILTYADFIASGRTGRRNAI
695,FBXO32,PC3,34504427,VAAKKRKKDML,1,VAAKKRKKDML
549,SP-TatCherry,A549,24928321,YGRKKRRQRRR,1,YGRKKRRQRRR
1193,Leu,CHO-K1,30718681,RRLRRLRRL,0,RRLRRLRRL-NH2
679,VP8,HeLa,34504427,KRKGRLRSKGKK,1,KRKGRLRSKGKK
694,CUL4B,PC3,34504427,TPPTSAKKRKL,1,TPPTSAKKRKL
1122,BP328,mouse embryonic fibroblast 3T3,24480922,CREKAKKLFKKILKKL,0,CREKAKKLFKKILKKL-NH2
1247,Ku-70,9L-R cells,30240193,CPMLKE,0,CPMLKE
162,L1,HeLa cells,27966361,MIILIIGSTSRDHMVLHEYVNAAGIT,0,MIILIIGSTSRDHMVLHEYVNAAGIT
999,VaspinHA2,3T3-L1 cells,33866927,KQRMAAKELAR,1,KQRMAAKELAR
262,sWWSP,HeLa cells,28921993,PLIKLRLDRGQF,0,PLIKLRLDRGQF
956,BNA3MTS (2–7)-sC18,TDA cells,30367921,KQRFIRGLRKRLRKFRNKIKEK,1,KQRFIRGLRKRLRKFRNKIKEK
340,No.14-9,CHO,19956900,RLWMRWYSPWTRRWG,1,RLWMRWYSPWTRRWG
976,[Y8SI11S]cTI,HaCaT cells,31714739,KWCFRVCSRGSCYRRCRG,1,KWCFRVCSRGSCYRRCRG
15,K-FGF,U87 cells,30240193,CAAVALLPAVLLAHLLAP,0,CAAVALLPAVLLAHLLAP
1018,?2H,HeLa cells,28096156,GNGEQREMAVSRLRDCLDRQA,1,GNGEQREMAVSRLRDCLDRQA
329,Crot (27-39) derevative,NIH-3T3,21319732,KMDSRWRWKSCKK,1,KMDSRWRWKSCKK
775,CAAKA,MSTO cells,30240193,CAAKA,1,CAAKA
612,VI,CHO pgsB-618 cells,22100438,CGRKKRAARQRRRPPQ,1,CGRKKRAARQRRRPPQ
1121,BP328,MCF-7 cells,24480922,CREKAKKLFKKILKKL,0,CREKAKKLFKKILKKL-NH2
889,W3K4W3,MCF-7 cel,28933182,WWWKKKKWWW,1,WWWKKKKWWW
896,[RW]4,A549 cells,28694765,RWRWRWRW,1,RWRWRWRW
226,Lys(AEt)-peptide 3,HeLa cells,26814673,AGKKKKKKKKK,0,AGKKKKKKKKK
182,Cf-Crot(1-9.38-42),MonoMac6 cells,30099595,YKQCHKKGGKKGSG,0,YKQCHKKGGKKGSG
866,PepB2,CHO-K1 cells,29247010,NVFKGNTISDKISFNFSDK,1,NVFKGNTISDKISFNFSDK
99,cTAT,MCF7 cells,33533253,KRRRGGKKRRD,0,KRRRGGKKRRD
764,CB2-sC18,HeLa cells,34959356,GLRKRLRKFRNKIKEK,1,GLRKRLRKFRNKIKEK
526,Tat-C-Cy5,Undifferentiated malignant glioma rat (F98) cell line,24276021,YGRKKRRQRRRC,1,YGRKKRRQRRRC
768,CB1-sC18,HeLa cells,34959356,GLRKRLRKFRNKIKEK,1,GLRKRLRKFRNKIKEK
22,pHKA489,HeLa cells,28183803,MIASHLLAYFFTELN,0,MIASHLLAYFFTELN
361,Bac-1-15,RAW 264.7,12450378,RRIRPRPPRLPRPRP,1,RRIRPRPPRLPRPRP
740,TmP(Glu)4,HeLa,34994362,RKLRRLLRRLKRL,1,RKLRRLLRRLKRL
1057,R8NLS,A2780 cells,26784985,CRRRRRRRRVKRKKKP,1,CRRRRRRRRVKRKKKP
1180,(alpha_Me)Leu,HeLa,30718681,RRLRRLRRL,0,RR-MeLeu-RR-MeLeu-RR-MeLeu-NH2
616,VIII,ARPE-19,22100438,CGRKKRRQRAARRPPQ,1,CGRKKRRQRAARRPPQ
1083,Crot (27-39) derivative,NIH-3T3,21319732,KCCKWRWRCK,0,kcckwrwrck
345,No.14-15,CHO,19956900,RLWMAWYSPTTRRYG,1,RLWMAWYSPTTRRYG
436,R11-PKI,HeLa,15937518,RRRRRRRRRRRTYADFIASGRTGRRNAI,1,RRRRRRRRRRRTYADFIASGRTGRRNAI
1155,P-III,A549 cells,25468041,GANIIAPLLAPIC,0,Ac-Aib-NII-A-PLL-Aib-PIC-NH2
221,PIII,A549 cells,27480031,KCRGDFCALKLALKALKACRGDFCLKLAG,0,KCRGDFCALKLALKALKACRGDFCLKLAG
207,CADY-2,HEK-293 T-cell,27516189,GLWWRLWWRLRSWFRLWFRA,0,GLWWRLWWRLRSWFRLWFRA
1263,integrin ß3,9L-R cells,30240193,CVTVLALGALAGVGVG,0,CVTVLALGALAGVGVG
1159,4Iphf-HN1,Cal 27,31450798,ATSPLNIHNGQKL,0,4Iph-TSPLNIHNGQKL
93,cTAT-KD3,MCF7 cells,33533253,KRRRGGKKRRDLTFKEYWDQLTSAA,0,KRRRGGKKRRDLTFKEYWDQLTSAA
899,[RW]6,A549 cells,28694765,RWRWRWRWRWRW,1,RWRWRWRWRWRW
68,Cf,HEK-293T cell,34277705,RRPPWLRLDIRR,0,RRPPWLRLDIRR
1011,GGL27,HeLa cells,31672541,GGLIKTKRKRKKQRVKIAYEEIFVKNM,1,GGLIKTKRKRKKQRVKIAYEEIFVKNM
289,Ala52 substitution mutant of Tat (49-57),Jurkat,11087855,RKKARQRRR,1,RKKARQRRR
701,ING4,U87,34504427,TQKEKKAARARSK,1,TQKEKKAARARSK
85,SynB1–ELP2–dnMAML,U251 cells,28140690,RGGRLSYSRRRFSTSTGRVPGVGGGGGGGAAAAAAAAGLPRHSAVMERLRRRIELCRRHHSTCEARYEAVSPERLELERQHTFALHQRCIQAKAKRAGKH,0,RGGRLSYSRRRFSTSTGRVPGVGGGGGGGAAAAAAAAGLPRHSAVMERLRRRIELCRRHHSTCEARYEAVSPERLELERQHTFALHQRCIQAKAKRAGKH
439,(RW)4,SK-OV-3,23301519,RWRWRWRW,1,RWRWRWRW
895,[RW]4,A549 cells,28694765,RWRWRWRW,1,RWRWRWRW
156,L1,HeLa cells,27966361,MIILIIGSTSRDHMVLHEYVNAAGIT,0,MIILIIGSTSRDHMVLHEYVNAAGIT
75,R4-EMCS,CHO-K1 cells ,28512335,CGRRRR,0,CGRRRR
1107,4b,HeLa,25188671,GRLPRLPRLP,0,gRL-Ac5c-RL-Ac5c-RL-Ac5c-NH2
796,TAT0,HeLa cells,31936737,GRKKRRQRRR,1,GRKKRRQRRR
585,MTpl-3,HeLa cells,25514997,KWCFAVCYAGICYAACAGK,1,KWCFAVCYAGICYAACAGK
451,Ypep-GFP-Ypep,human spleen fibroblasts (Hs 697.Sp),23521800,YTFGLKTSFNVQYTFGLKTSFNVQ,1,YTFGLKTSFNVQYTFGLKTSFNVQ
708,aPP5.3,Saos-2 cells,30410976,MGPSQPTYPGDDAPVRDLIRFYRDLRRYLNVVTRHRY,1,MGPSQPTYPGDDAPVRDLIRFYRDLRRYLNVVTRHRY
192,A6,HeLa cells,33355559,YGRAARRQARA,0,YGRAARRQARA
276,Oleyl-R2-(HR)4,MDA-MB-231 cells,35456715,RRHRHRHRHR,0,RRHRHRHRHR
241,Isopropyl-TH,HeLa cells,28603674,AGYLLGHINLHHLAHLAHHIL,0,AGYLLGHINLHHLAHLAHHIL
492,RIPL,DU-145,24704199,IPLVVPLRRRRRRRRC,1,IPLVVPLRRRRRRRRC
1230,HIV-TAT,9L cells,30240193,CYGRKKRRQRRR,0,CYGRKKRRQRRR
564,SFTI-M5,HeLa,24985034,GRCTRSIPPKCWPD,1,GRCTRSIPPKCWPD
117,Conjugate 2a,HT-29 cells,31243977,GLRKRLRKFRNKIKEK,0,GLRKRLRKFRNKIKEK
642,RWR,CHO-K1 cells,22712882,RRRRWWWWRRRR,1,RRRRWWWWRRRR
1145,TAM-riMP,U373 MG cells,22148546,LIKKALAALAKLNI,0,likkalaalaklni
808,PEN0,HeLa cells,31936737,RRMKWKK,1,RRMKWKK
757,[(RW)5K](RW)5,CCRF-CEM,34491768,RWRWRWRWRWKRWRWRWRWRW,1,RWRWRWRWRWKRWRWRWRWRW
517,F(SG)4Pen,HeLa,25108152,RQIKIWFQNRRMKWKK,1,RQIKIWFQNRRMKWKK
638,LILIR8 (Alexa),HeLa,22486588,LILIGRRRRRRRRGC,1,LILIGRRRRRRRRGC
883,K3W4K3,MCF-7 cel,28933182,KKKWWWWKKK,1,KKKWWWWKKK
1080,Crot (27-39) derivative,NIH-3T3,21319732,CRWRWKCCKK,0,CRWRWK-Abu-Abu-KK
963,cTI,MDA-MB-435S cells,31714739,KWCFRVCYRGICYRRCRG,1,KWCFRVCYRGICYRRCRG
126,hPep2,HeLa cells,34440250,LAKLAKAAAKLLKAAAKAL,0,LAKLAKAAAKLLKAAAKAL
797,TAT0,HeLa cells,31936737,GRKKRRQRRR,1,GRKKRRQRRR
836,Mel-lip,bEnd.3 cell,32561686,GIGAVLKVLTTGLPALISWIKRKRQ,1,GIGAVLKVLTTGLPALISWIKRKRQ
116,Conjugate 2a,U87 cells,31243977,GLRKRLRKFRNKIKEK,0,GLRKRLRKFRNKIKEK
478,hLF lin+4R,Jurkat E6.1 leukemia cells,24270856,KCFQWQRNMRKVRGPPVSCIKR,1,KCFQWQRNMRKVRGPPVSCIKR
747,CyLoP-1,HeLa,27836642,CRWRWKCCKK,1,CRWRWKCCKK
1075,Crot (27-39) derivative,NIH-3T3,21319732,CRWRWKCCKK,0,CRWRWK-Abu-CKK
57,TAT,HeLa cells,34101293,YGRKKRRQRRR,0,YGRKKRRQRRR
608,V,CHO wt,22100438,CGRKKRWWRQRWWRWWRPPQ,1,CGRKKRWWRQRWWRWWRPPQ
793,NLS-A,PK15 cells,30108178,MTYPRRRFRRRRHRPRS,1,MTYPRRRFRRRRHRPRS
837,Mel-Tf-lip,bEnd.3 cell,32561686,GIGAVLKVLTTGLPALISWIKRKRQ,1,GIGAVLKVLTTGLPALISWIKRKRQ
119,hPep1,HeLa cells,34440250,LAKLAKAAAKLLKAAAKAL,0,LAKLAKAAAKLLKAAAKAL
661,Polyguanidine comparators 1,MCF-7 cells,22828784,RRRRRRRR,1,RRRRRRRR
1019,?2H,HeLa cells,28096156,GNGEQREMAVSRLRDCLDRQA,1,GNGEQREMAVSRLRDCLDRQA
674,CASC3,HeLa,34504427,PDDIKPRRIRKPRY,1,PDDIKPRRIRKPRY
105,cTAT-KD3,HeLa cells,33533253,KRRRGGKKRRDLTFKEYWDQLTSAA,0,KRRRGGKKRRDLTFKEYWDQLTSAA
640,F4R8 (Alexa),HeLa,22486588,FFFFGRRRRRRRRGC,1,FFFFGRRRRRRRRGC
374,Cyt 5-13,U373MG cells,20659686,KGKKIFIMK,1,KGKKIFIMK
273,R4L17E,HeLa cells,35395514,RRRRGIWLTALKFLGKHAAKHEAKQQLSKLGK,0,RRRRGIWLTALKFLGKHAAKHEAKQQLSKLGK
660,44,NHDF,22805558,KRPTMRFRYTWNPMK,1,KRPTMRFRYTWNPMK
826,R2W4R2,MCF-7 cells,32116040,RRWWWWRR,1,RRWWWWRR
829,W3R4W3,MCF-7 cells,32116040,WWWRRRRWWW,1,WWWRRRRWWW
954,BNA3MTS (2–7),TDA cells,30367921,KQRFIR,1,KQRFIR
46,NCO,MCF7 cells,32024261,KALGISYGRKK,0,KALGISYGRKK
354,No.14-35,CHO,19956900,RLWMRWYSPTTRRYA,1,RLWMRWYSPTTRRYA
1099,Tat (49-57),NIH-3T3,21319732,RKKRRQRRR,0,rkkrrqrrr
886,W2K4W2,MCF-7 cel,28933182,WWKKKKWW,1,WWKKKKWW
780,CAAKA,U87 cells,30240193,CAAKA,1,CAAKA
199,A4u,HeLa cells,33355559,YGRKARRQARR,0,YGRKARRQARR
102,cR10-KD3,MCF7 cells,33533253,KRRRRRRRRRRELTFKEYWDQLTSAA,0,KRRRRRRRRRRELTFKEYWDQLTSAA
4,integrin ß3,9L cells,30240193,CVTVLALGALAGVGVG,0,CVTVLALGALAGVGVG
624,X,CHO pgsB-618 cells,22100438,CGRKKRLLRQRRRPPQ,1,CGRKKRLLRQRRRPPQ
576,TP10-biot1,HT29,25511292,AGYLLGKINLKALAALAKKIL,1,AGYLLGKINLKALAALAKKIL
52,W3R4W3-E12,MCF-7 cells,32116040,WWWRRRRWWWEEEEEEEEEEEE,0,WWWRRRRWWWEEEEEEEEEEEE
268,P8,A549 cells,33995950,KKKKKKKKKK,0,KKKKKKKKKK
1161,HNJ,Cal 27,31450798,NQHSKNTLLIGP,0,NQHSKNTLLIGP
448,Ypep-GFP-Ypep,Human prostate adenocarcinoma cells (PC-3),23521800,YTFGLKTSFNVQYTFGLKTSFNVQ,1,YTFGLKTSFNVQYTFGLKTSFNVQ
1131,Peptide V,CHO-K1,25096299,RKRRKRRKRRKR,0,R-Ahx-RR-Ahx-RR-Ahx-RR-Ahx-R-NH2
789,Tat-PTD,hDPSC cells,32374475,GRKKRRQRRK,1,GRKKRRQRRK
844,kFGF-lip,bEnd.3 cell,32561686,AAVALLPAVLLALLAP,1,AAVALLPAVLLALLAP
957,BNA3MTS (2–7)-sC18,TDA cells,30367921,KQRFIRGLRKRLRKFRNKIKEK,1,KQRFIRGLRKRLRKFRNKIKEK
696,TAT,U87,34504427,GRKKRRQRRRPPQ,1,GRKKRRQRRRPPQ
309,Crot (27-39) derevative,NIH-3T3,21319732,KCRWRWKCCKK,1,KCRWRWKCCKK
346,No.14-16,CHO,19956900,RLWMRAYSPTTRRYG,1,RLWMRAYSPTTRRYG
980,KD3,MCF7 cells,33533253,LTFKEYWDQLTSAA,1,LTFKEYWDQLTSAA
318,Crot (27-39) derevative,NIH-3T3,21319732,CRWRFKCCKK,1,CRWRFKCCKK
152,GA-TAT,SV-HUC-1 cells,29670331,YGRKKRRQRRR,0,YGRKKRRQRRR
124,hPep3,HeLa cells,34440250,LAKLAKAAAKLLKAAAKAL,0,LAKLAKAAAKLLKAAAKAL
1130,Peptide IV,CHO-K1,25096299,RAPDPRRAPDPRRAPDPRRAPDPR,0,R-apDP-RR-apDP-RR-apDP-RR-apDP-R-NH2
579,Tpl,HeLa cells,25514997,KWCFRVCYRGICYRRCRGK,1,KWCFRVCYRGICYRRCRGK
702,DMAP1,U87,34504427,RKRRESASSSSSVKKAKKP,1,RKRRESASSSSSVKKAKKP
669,P7,HeLa cells,25459448,RGPRRQPRRHRRPRR,1,RGPRRQPRRHRRPRR
50,R2W4R2-E12,MCF-7 cells,32116040,RRWWWWRREEEEEEEEEEEE,0,RRWWWWRREEEEEEEEEEEE
972,[Y8SI11S]cTI,HeLa cells,31714739,KWCFRVCSRGSCYRRCRG,1,KWCFRVCSRGSCYRRCRG
733,L5b,A549,26942714,RWQWR,1,RWQWR
806,TAT12,HeLa cells,31936737,GRKKRRQRRR,1,GRKKRRQRRR
840,Mel-Tf-lip,bEnd.3 cell,32561686,GIGAVLKVLTTGLPALISWIKRKRQ,1,GIGAVLKVLTTGLPALISWIKRKRQ
358,No.14-29,CHO,19956900,RLVMRVYSPTTRRYG,1,RLVMRVYSPTTRRYG
1223,HSV1-VP22,9L-R cells,30240193,CDAATATRGRSAASRPTERPRAPARSASRPRRPVD,0,CDAATATRGRSAASRPTERPRAPARSASRPRRPVD
145,H–Arg6–Lys(Rh)–NH2,HeLa cells,34032919,RRRRRRK,0,RRRRRRK
475,hLF +4R,Ovcar-3 cells,24270856,KCFQWQRNMRKVRGPPVSCIKR,1,KCFQWQRNMRKVRGPPVSCIKR
892,[RW]3,A549 cells,28694765,RWRWRW,1,RWRWRW
658,44,U2OS,22805558,KRPTMRFRYTWNPMK,1,KRPTMRFRYTWNPMK
404,PolyP 1,HeLa,15054781,VRLPPP,1,VRLPPP
1014,?1H,HeLa cells,28096156,KSKTEYYNAWAVWERNAP,1,KSKTEYYNAWAVWERNAP
1033,R9, human endothelial cells,26748549,RRRRRRRRR,1,RRRRRRRRR
325,Crot (27-39) derevative,NIH-3T3,21319732,KMDCRWRWKSCKK,1,KMDCRWRWKSCKK
19,pHK-PASA488,HeLa cells,28183803,MIASHLLAYFFTELNGKPILFF,0,MIASHLLAYFFTELNGKPILFF
689,ING4,PC3,34504427,TQKEKKAARARSK,1,TQKEKKAARARSK
35,pHK-PASA488,pgsA-745 cells,28183803,MIASHLLAYFFTELNGKPILFF,0,MIASHLLAYFFTELNGKPILFF
831,W3R4W3,MCF-7 cells,32116040,WWWRRRRWWW,1,WWWRRRRWWW
912,iCREKA,U87 cells,29686590,CREKAPLGLAGRKKRRQRRRC,1,CREKAPLGLAGRKKRRQRRRC
510,Xentry peptides,HepG2,24811205,LCLE,1,LCLE
834,Mel-lip,bEnd.3 cell,32561686,GIGAVLKVLTTGLPALISWIKRKRQ,1,GIGAVLKVLTTGLPALISWIKRKRQ
1139,XVI,CHO wt,22100438,CGRKKRRQRKRRPPQ,0,CGRKKRRQR-Ahx-RRPPQ
412,PolyP 9,HeLa,15054781,VKLPPPVKLPPPVKLPPP,1,VKLPPPVKLPPPVKLPPP
930,ALD5MTS (2–17),MCF-7 cells,30367921,LSRTRAAAPNSRIFTR,1,LSRTRAAAPNSRIFTR
824,R2W4R2,MCF-7 cells,32116040,RRWWWWRR,1,RRWWWWRR
876,(KW)4,MCF-7 cel,28933182,KWKWKWKW,1,KWKWKWKW
542,LK-1,HeLa,25056130,LKKLLKLLKKLLKLAG,1,LKKLLKLLKKLLKLAG
765,CB3-sC18,HeLa cells,34959356,GLRKRLRKFRNKIKEK,1,GLRKRLRKFRNKIKEK
1136,XV,CHO wt,22100438,CGRKKRKRQRRRPPQ,0,CGRKKR-Ahx-RQRRRPPQ
1009,GGL27,A375 cells,31672541,GGLIKTKRKRKKQRVKIAYEEIFVKNM,1,GGLIKTKRKRKKQRVKIAYEEIFVKNM
38,pHKA489,pgsA-745 cells,28183803,MIASHLLAYFFTELN,0,MIASHLLAYFFTELN
178,L1-5,HeLa cells,27966361,MIILIIMGVADLIKKFESISKEE,0,MIILIIMGVADLIKKFESISKEE
250,WWSP,HEK293 cells,28921993,PLILLRLLRGQF,0,PLILLRLLRGQF
817,PEN12,HeLa cells,31936737,RRMKWKK,1,RRMKWKK
1153,P-I,A549 cells,25468041,GANIIAPLLAPIC,0,Ac-Aib-NII-Aib-PLL-A-PIC-NH2
1084,Crot (27-39) derivative,NIH-3T3,21319732,CRWRWKCCKK,0,CrWRWKCCKK
1058,R8NLS,A2780 cells,26784985,CRRRRRRRRVKRKKKP,1,CRRRRRRRRVKRKKKP
791,Ara-27,hDPSC cells,32374475,RNQRKTVRCFRCRQAGHWISDCRLKSK,1,RNQRKTVRCFRCRQAGHWISDCRLKSK
1257,hCT(9-32),U87 cells,30240193,CLGTYTQDFNKFHTFPQTAIGVGAP,0,CLGTYTQDFNKFHTFPQTAIGVGAP
494,RIPL,HaCaT as Hpn-non-expressing cells,24704199,IPLVVPLRRRRRRRRC,1,IPLVVPLRRRRRRRRC
157,L2,HeLa cells,27966361,FLLIRRVLGSTSRDHMVLHEYVNAAGIT,0,FLLIRRVLGSTSRDHMVLHEYVNAAGIT
643,RW MIX,CHO-K1 cells,22712882,RWRRWRRWRRWR,1,RWRRWRRWRRWR
667,P5,HeLa cells,25459448,RRARRPRRLRPAPGR,1,RRARRPRRLRPAPGR
860,PasR8-Tf-lip,bEnd.3 cell,32561686,FFLIPKGRRRRRRRRGC,1,FFLIPKGRRRRRRRRGC
952,HSP60MTS (2–14)-sC18,TDA cells,30367921,LRSSVVRSRATLRGLRKRLRKFRNKIKEK,1,LRSSVVRSRATLRGLRKRLRKFRNKIKEK
292,Ala55 substitution mutant of Tat (49-57),Jurkat,11087855,RKKRRQARR,1,RKKRRQARR
630,XII,CHO pgsB-618 cells,22100438,CGRKKRRQRLLRRPPQ,1,CGRKKRRQRLLRRPPQ
1197,(alpha_Me)Leu,CHO-K1,30718681,RRLRRLRRL,0,RR-MeLeu-RR-MeLeu-RR-MeLeu-NH2
690,DMAP1,PC3,34504427,RKRRESASSSSSVKKAKKP,1,RKRRESASSSSSVKKAKKP
1169,CKRRMKWKK,HepG2,35024246,CKRRMKWKK,0,CKRRMKWKK
986,NrTP-sC18*,HeLa cells,29977402,YKQCHKKGGKKGSGGLRKRLRKFRNK,1,YKQCHKKGGKKGSGGLRKRLRKFRNK
574,TP-biot13,HT29,25511292,GWTLNSAGYLLGKINLKALAALAKKIL,1,GWTLNSAGYLLGKINLKALAALAKKIL
1214,P2,MCF7.00,34463179,RKRRQTSMTDFYHSKRRLIFS,0,RKRRQTSMTDFYHSKRRLIFS
741,TmP(Glu)6,HeLa,34994362,KRKLRRLLRRLKRL,1,KRKLRRLLRRLKRL
799,TAT0,HeLa cells,31936737,GRKKRRQRRR,1,GRKKRRQRRR
17,pHK-PASA488,HeLa cells,28183803,MIASHLLAYFFTELNGKPILFF,0,MIASHLLAYFFTELNGKPILFF
127,hPep3,HeLa cells,34440250,LAKLAKAAAKLLKAAAKAL,0,LAKLAKAAAKLLKAAAKAL
327,Crot (27-39) derevative,NIH-3T3,21319732,KMDCRWRWKSSKK,1,KMDCRWRWKSSKK
260,MAP-1,HeLa cells,28921993,KLALKALKALKAALKLA,0,KLALKALKALKAALKLA
1151,r8_carbamate_CF15 (VI),CHO-K1,22509923,RRRRRRRRA,0,rrrrrrrr-Cbz
937,HSP60MTS (2–14)-sC18,MCF-7 cells,30367921,LRSSVVRSRATLRGLRKRLRKFRNKIKEK,1,LRSSVVRSRATLRGLRKRLRKFRNKIKEK
990,N50-sC18*,MCF7 cells,29977402,VQRKRQKLMPGLRKRLRKFRNK,1,VQRKRQKLMPGLRKRLRKFRNK
1250,hCT(9-32),A375 cells,30240193,CLGTYTQDFNKFHTFPQTAIGVGAP,0,CLGTYTQDFNKFHTFPQTAIGVGAP
194,A8,HeLa cells,33355559,YGRAAARQARA,0,YGRAAARQARA
115,Conjugate 1a,MCF7 cells,31243977,GLRKRLRKFRNKIKEK,0,GLRKRLRKFRNKIKEK
1244,Ku-70,MSTO cells,30240193,CPMLKE,0,CPMLKE
1207,diTatBim,HeLa,29275934,RKKRRQRRREIWIAQELRRIGDEFNAYYARLLCCLLRAYYANFEDGIRRLEQAIWIERRRQRRKKR,1,RKKRRQRRREIWIAQELRRIGDEFNAYYARLLCCLLRAYYANFEDGIRRLEQAIWIERRRQRRKKR
611,VI,CHO wt,22100438,CGRKKRAARQRRRPPQ,1,CGRKKRAARQRRRPPQ
183,Cf-Penetratin,MonoMac6 cells,30099595,RQIKIWFQNRRMKWKK,0,RQIKIWFQNRRMKWKK
306,Crot (27-39) derevative,NIH-3T3,21319732,KMDCRWRWKKK,1,KMDCRWRWKKK
501,Xentry peptides,HepG2,24811205,LCLR,1,LCLR
353,No.14-23,CHO,19956900,RLWMRWYSPTTRRAG,1,RLWMRWYSPTTRRAG
1100,Tat (57-49),NIH-3T3,21319732,RRRQRRKKR,0,rrrqrrkkr
36,pHKA489,pgsA-745 cells,28183803,MIASHLLAYFFTELN,0,MIASHLLAYFFTELN
751,CyLoP-1,HeLa,27836642,CRWRWKCCKK,1,CRWRWKCCKK
1150,(r-ahx-r)4_carbamate_CF (II),CHO-K1,22509923,RAHRRAHRRAHRRAHRA,0,r-ahx-rr-ahx-rr-ahx-rr-ahx-r-Cbz
1055,R8NLS,A2780 cells,26784985,CRRRRRRRRVKRKKKP,1,CRRRRRRRRVKRKKKP
522,F(SG)4TP10,KG1a cells,25108152,AGYLLGKINLKALAALAKKIL,1,AGYLLGKINLKALAALAKKIL
377,M2,HeLa,19858187,KCFQWQRNMRKVRGPPVSSIKR,1,KCFQWQRNMRKVRGPPVSSIKR
45,NCO,MCF7 cells,32024261,KALGISYGRKK,0,KALGISYGRKK
481,hLF R7,HeLa,24270856,KCFQWQRNMRKVRGPPVSCIKR,1,KCFQWQRNMRKVRGPPVSCIKR
160,C1,HeLa cells,27966361,FIDLKRKIWLIK,0,FIDLKRKIWLIK
1112,cF-L-Nap-R4-PCP,HeLa,24896852,FARRRRQADELI,0,F-LNap-RRRRQ-miniPEG_linker-DELI-NH2
174,L1-1,HeLa cells,27966361,KIIIIDGSTSRDHLVLHEYVNAAGITA,0,KIIIIDGSTSRDHLVLHEYVNAAGITA
16,pHK-PASA488,HeLa cells,28183803,MIASHLLAYFFTELNGKPILFF,0,MIASHLLAYFFTELNGKPILFF
516,G(SG)4R8,KG1a cells,25108152,RRRRRRRR,1,RRRRRRRR
48,R2W4R2-E12,MCF-7 cells,32116040,RRWWWWRREEEEEEEEEEEE,0,RRWWWWRREEEEEEEEEEEE
195,A9,HeLa cells,33355559,YGRKARRQARR,0,YGRKARRQARR
551,SP-Tatm3xCherry,CHO-K1,24928321,YGRKKRRQRRRYGRKKRRQRRRYGRKKRRQRRR,1,YGRKKRRQRRRYGRKKRRQRRRYGRKKRRQRRR
520,G(SG)4Pen,KG1a cells,25108152,RQIKIWFQNRRMKWKK,1,RQIKIWFQNRRMKWKK
663,P1,HeLa cells,25459448,KKKKKKNKKLQQRGD,1,KKKKKKNKKLQQRGD
1045,CTX-M1,HeLa cells,28459137,MCMPCFTTDHQMARRCDDCCGGRGRGKCYGPQCLCR,1,MCMPCFTTDHQMARRCDDCCGGRGRGKCYGPQCLCR
835,Mel-lip,bEnd.3 cell,32561686,GIGAVLKVLTTGLPALISWIKRKRQ,1,GIGAVLKVLTTGLPALISWIKRKRQ
1068,D-R6,Jurkat,11087855,KRRRRRR,0,Ahx-rrrrrr
485,hLF K7,HeLa,24270856,KCFQWQRNMRKVRGPPVSCIKR,1,KCFQWQRNMRKVRGPPVSCIKR
969,[F4S-Y13S]cTI,MM96L cells,31714739,KWCSRVCYRGICSRRCRG,1,KWCSRVCYRGICSRRCRG
1199,Ac5cdOM,CHO-K1,30718681,RRPRRPRRP,0,RR-Ac5cdOM-RR-Ac5cdOM-RR-Ac5cdOM-NH2
288,Ala51 substitution mutant of Tat (49-57),Jurkat,11087855,RKARRQRRR,1,RKARRQRRR
1094,Crot (27-39) derivative,NIH-3T3,21319732,KMDCRPRPKCCKK,0,KMD-Abu-RPRPKCCKK
804,TAT12,HeLa cells,31936737,GRKKRRQRRR,1,GRKKRRQRRR
1254,hCT(9-32),9L cells,30240193,CLGTYTQDFNKFHTFPQTAIGVGAP,0,CLGTYTQDFNKFHTFPQTAIGVGAP
229,COL-CPP,A549 cells,28835794,AGGPPGPPGPPGPPGPPGPPGPPGPPGRRGRRG,0,AGGPPGPPGPPGPPGPPGPPGPPGPPGRRGRRG
26,pHK-PASA488,CHO-K1 cells,28183803,MIASHLLAYFFTELNGKPILFF,0,MIASHLLAYFFTELNGKPILFF
287,Ala50 substitution mutant of Tat (49-57),Jurkat,11087855,RAKRRQRRR,1,RAKRRQRRR
1220,HSV1-VP22,MSTO cells,30240193,CDAATATRGRSAASRPTERPRAPARSASRPRRPVD,0,CDAATATRGRSAASRPTERPRAPARSASRPRRPVD
442,FP-lipo,human cervical cancer HeLa,23515421,KETWWETWWTEWSQPKKKRKVC,1,KETWWETWWTEWSQPKKKRKVC
1238,HIV-gp41,9L cells,30240193,CGALFLGWLGAAGSTMGA,0,CGALFLGWLGAAGSTMGA
234,Methly-TH,HeLa cells,28603674,AGYLLGHINLHHLAHLAHHIL,0,AGYLLGHINLHHLAHLAHHIL
37,pHKA490,pgsA-745 cells,28183803,MIASHLLAYFFTELN,0,MIASHLLAYFFTELN
756,[(RW)5K](RW)4,CCRF-CEM,34491768,RWRWRWRWRWKRWRWRWRWRW,1,RWRWRWRWRWKRWRWRWRWRW
474,hLF +4R,Jurkat E6.1 leukemia cells,24270856,KCFQWQRNMRKVRGPPVSCIKR,1,KCFQWQRNMRKVRGPPVSCIKR
1089,Crot (27-39) derivative,NIH-3T3,21319732,KMDCRWRWKCCKK,0,KMD-Abu-RWRWKCCKK
1252,hCT(9-32),MSTO cells,30240193,CLGTYTQDFNKFHTFPQTAIGVGAP,0,CLGTYTQDFNKFHTFPQTAIGVGAP
692,NOP53,PC3,34504427,AEADKPRRLGRLK,1,AEADKPRRLGRLK
644,1 (TAT),NHDF,22805558,YGRKKRPQRRR,1,YGRKKRPQRRR
1103,D-SynB3,K562 cells,12783857,RRLSYSRRRF,0,rrlsysrrrf
1065,D-Tat (49-57),Jurkat,11087855,KRKKRRQRRR,0,Ahx-rkkrrqrrr
1156,P-IV,A549 cells,25468041,GANIIAALLAAIC,0,Ac-Aib-NII-Aib-Aib-LL-Aib-Aib-IC-NH2
807,TAT12,HeLa cells,31936737,GRKKRRQRRR,1,GRKKRRQRRR
163,L2,HeLa cells,27966361,FLLIRRVLGSTSRDHMVLHEYVNAAGIT,0,FLLIRRVLGSTSRDHMVLHEYVNAAGIT
966,TI,MM96L cells,31714739,KWCFRVCYRGICYRRCR,1,KWCFRVCYRGICYRRCR
828,W3R4W3,MCF-7 cells,32116040,WWWRRRRWWW,1,WWWRRRRWWW
1082,Crot (27-39) derivative,NIH-3T3,21319732,CRWRWKCCKK,0,crwrwkcckk
887,W2K4W2,MCF-7 cel,28933182,WWKKKKWW,1,WWKKKKWW
923,BNA3MTS (2–7),HeLa cells,30367921,KQRFIR,1,KQRFIR
155,GA-TAT,SV-HUC-1 cells,29670331,YGRKKRRQRRR,0,YGRKKRRQRRR
1236,HIV-gp41,MSTO cells,30240193,CGALFLGWLGAAGSTMGA,0,CGALFLGWLGAAGSTMGA
514,F(SG)4R8,KG1a cells,25108152,RRRRRRRR,1,RRRRRRRR
1213,P2,HeLa,34463179,RKRRQTSMTDFYHSKRRLIFS,0,RKRRQTSMTDFYHSKRRLIFS
103,cTAT,HeLa cells,33533253,KRRRGGKKRRD,0,KRRRGGKKRRD
591,R8-lip,Bone marrow dendritic cells,24901376,RRRRRRRR,1,RRRRRRRR
1128,Peptide II,CHO-K1,25096299,RAEDPRRAEDPRRAEDPRRAEDPR,0,R-aeDP-RR-aeDP-RR-aeDP-RR-aeDP-R-NH2
53,W3R4W3-E12,MCF-7 cells,32116040,WWWRRRRWWWEEEEEEEEEEEE,0,WWWRRRRWWWEEEEEEEEEEEE
154,GA-TAT,SV-HUC-1 cells,29670331,YGRKKRRQRRR,0,YGRKKRRQRRR
408,PolyP 5,HeLa,15054781,VHLPPPVHLPPP,1,VHLPPPVHLPPP
211,RG302,HeLa cells,34333729,KRKFICLGRADPAYQARFL,0,KRKFICLGRADPAYQARFL
1205,KFE8-Tat,BMDC,32686113,FKFEFKFESGSGSGRKKRRQRRRPQ,1,FKFEFKFESGSGSGRKKRRQRRRPQ
8,K-FGF,A375 cells,30240193,CAAVALLPAVLLAHLLAP,0,CAAVALLPAVLLAHLLAP
1024,?1H,HBMEC cells,28096156,KSKTEYYNAWAVWERNAP,1,KSKTEYYNAWAVWERNAP
457,STR-H16R8,CHO-K1 cells,25193363,HHHHHHHHHHHHHHHHRRRRRRRRRRRRRRR,1,HHHHHHHHHHHHHHHHRRRRRRRRRRRRRRR
258,WWSP,HeLa cells,28921993,PLILLRLLRGQF,0,PLILLRLLRGQF
906,CVP1-N2,HCT116 cells,33141296,LKRLRRRYKFRHRRRQRYRRR,1,LKRLRRRYKFRHRRRQRYRRR
1117,Xentry peptides,HepG2,24811205,VLCLR,0,vlclr
890,W3K4W3,MCF-7 cel,28933182,WWWKKKKWWW,1,WWWKKKKWWW
1203,Ac5c,CHO-K1,30718681,RRPRRPRRP,0,RR-Ac5c-RR-Ac5c-RR-Ac5c-NH2
628,XII,ARPE-19,22100438,CGRKKRRQRLLRRPPQ,1,CGRKKRRQRLLRRPPQ
350,No.14-21,CHO,19956900,RLWMRWYSPTARRYG,1,RLWMRWYSPTARRYG
1095,Crot (27-39) derivative,NIH-3T3,21319732,KMDCRPRPKCCKK,0,KMD-Abu-RPRPK-Abu-CKK
267,P7,A549 cells,33995950,RRRRRRRRRR,0,RRRRRRRRRR
153,GA-TAT,SV-HUC-1 cells,29670331,YGRKKRRQRRR,0,YGRKKRRQRRR
477,hLF lin+4R,HeLa,24270856,KCFQWQRNMRKVRGPPVSCIKR,1,KCFQWQRNMRKVRGPPVSCIKR
645,2,Many Human neoplastic cells including HeLa,22805558,DSLKSYWYLQKFSWR,1,DSLKSYWYLQKFSWR
1262,integrin ß3,9L cells,30240193,CVTVLALGALAGVGVG,0,CVTVLALGALAGVGVG
1200,Ac5cdOM,CHO-K1,30718681,RRPRRPRRP,0,RR-Ac5cdOM-RR-Ac5cdOM-RR-Ac5cdOM-NH2
555,MCoTI-M3,HeLa,24985034,GGVCPKILRRCRRDSDCPGACICRGNGWCGSGSD,1,GGVCPKILRRCRRDSDCPGACICRGNGWCGSGSD
938,BNA3MTS (2–7),MCF-7 cells,30367921,KQRFIR,1,KQRFIR
493,RIPL,PC-3,24704199,IPLVVPLRRRRRRRRC,1,IPLVVPLRRRRRRRRC
1149,TAM-riMitP,U373 MG cells,22148546,LIKKALKALKKLNI,0,likk-Aib-lkalkklni
149,GA-TAT,EJ cells,29670331,YGRKKRRQRRR,0,YGRKKRRQRRR
407,PolyP 4,HeLa,15054781,VHLPPP,1,VHLPPP
964,[Y8SI11S]cTI,MDA-MB-435S cells,31714739,KWCFRVCSRGSCYRRCRG,1,KWCFRVCSRGSCYRRCRG
1253,hCT(9-32),MSTO-R cells,30240193,CLGTYTQDFNKFHTFPQTAIGVGAP,0,CLGTYTQDFNKFHTFPQTAIGVGAP
664,P2,HeLa cells,25459448,RGDGPRRRPRKRRGR,1,RGDGPRRRPRKRRGR
468,hLF V12R,HeLa,24270856,KCFQWQRNMRKVRGPPVSCIKR,1,KCFQWQRNMRKVRGPPVSCIKR
190,A3,HeLa cells,33355559,AGRKKRRARRR,0,AGRKKRRARRR
613,VII,ARPE-19,22100438,CGRKKRRQRRAARPPQ,1,CGRKKRRQRRAARPPQ
146,biotinyl-GM3BP,HeLa cells,28051846,GWWYKGRARPVSAVAK,0,GWWYKGRARPVSAVAK
758,[(RW)5K](RW),SK-OV-3,34491768,RWRWRWRWRWKRWRWRWRWRW,1,RWRWRWRWRWKRWRWRWRWRW
991,NrTP-sC18*,MCF7 cells,29977402,YKQCHKKGGKKGSGGLRKRLRKFRNK,1,YKQCHKKGGKKGSGGLRKRLRKFRNK
201,Tylotoin-sC18*,HaCaT cells,30389988,KCVRQNNKRVCKGLRKRLRKFRNK,0,KCVRQNNKRVCKGLRKRLRKFRNK
893,[RW]3,A549 cells,28694765,RWRWRW,1,RWRWRW
284,Tat (51-57),Jurkat,11087855,KRRQRRR,1,KRRQRRR
298,R8,Jurkat,11087855,RRRRRRRR,1,RRRRRRRR
1157,P-V,A549 cells,25468041,GANIIAPLLAAIC,0,Ac-Aib-NII-Aib-PLL-Aib-Aib-IC-NH2
405,PolyP 2,HeLa,15054781,VRLPPPVRLPPP,1,VRLPPPVRLPPP
122,hPep1,HeLa cells,34440250,LAKLAKAAAKLLKAAAKAL,0,LAKLAKAAAKLLKAAAKAL
206,PEP-1,HEK-293 T-cell,27516189,KETWWETWWTEWSQPKKKRKV,0,KETWWETWWTEWSQPKKKRKV
842,kFGF-lip,bEnd.3 cell,32561686,AAVALLPAVLLALLAP,1,AAVALLPAVLLALLAP
251,KFGF,HEK293 cells,28921993,AAVLLPVLLAAP,0,AAVLLPVLLAAP
1210,P1,A549,34338123,KKKKKRFSFKKSFKLSGFSFKKNKK,0,KKKKKRFSFKKSFKLSGFSFKKNKK
1198,Ac5cdOM,CHO-K1,30718681,RRPRRPRRP,0,RR-Ac5cdOM-RR-Ac5cdOM-RR-Ac5cdOM-NH2
389,Phe-Oct-6,DU-145,21029412,FFFAAGRKRKKRT,1,FFFAAGRKRKKRT
861,PasR8-Tf-lip,bEnd.3 cell,32561686,FFLIPKGRRRRRRRRGC,1,FFLIPKGRRRRRRRRGC
223,PV,A549 cells,27480031,KCRGDFCALKLACRGDFCKALKACRGDFCLKLAG,0,KCRGDFCALKLACRGDFCKALKACRGDFCLKLAG
646,2,Lovo,22805558,DSLKSYWYLQKFSWR,1,DSLKSYWYLQKFSWR
1,integrin ß3,A375-R cells,30240193,CVTVLALGALAGVGVG,0,CVTVLALGALAGVGVG
112,Conjugate 2a,MCF7 cells,31243977,GLRKRLRKFRNKIKEK,0,GLRKRLRKFRNKIKEK
703,VP8,U87,34504427,KRKGRLRSKGKK,1,KRKGRLRSKGKK
1217,P2,HSC-T6,34463179,RKRRQTSMTDFYHSKRRLIFS,0,RKRRQTSMTDFYHSKRRLIFS
961,sC18,TDA cells,30367921,GLRKRLRKFRNKIKEK,1,GLRKRLRKFRNKIKEK
1147,TAM-iMitP,U373 MG cells,22148546,INLKKLAKLAKKIL,0,inlkklakl-Aib-kkil
446,Ypep-GFP,human spleen fibroblasts (Hs 697.Sp),23521800,YTFGLKTSFNVQ,1,YTFGLKTSFNVQ
668,P6,HeLa cells,25459448,LLRARWRRRRSRRFR,1,LLRARWRRRRSRRFR
1164,CPP9,Saos-2 cells,30410976,FARRRRQA,0,f-LNap-RrRrQ-PEG2
322,Crot (27-39) derevative,NIH-3T3,21319732,KCGCRWRWKCGCKK,1,KCGCRWRWKCGCKK
653,44,Many Human neoplastic cells including HeLa,22805558,KRPTMRFRYTWNPMK,1,KRPTMRFRYTWNPMK
714,"""0084""",HEK293,30135446,RKQKSLQTKLAENPPVPRKKRQSRPRWKQWLQK,1,RKQKSLQTKLAENPPVPRKKRQSRPRWKQWLQK
982,N50-sC18*,HeLa cells,29977402,VQRKRQKLMPGLRKRLRKFRNK,1,VQRKRQKLMPGLRKRLRKFRNK
632,XIII,CHO wt,22100438,CGRKKRLLRQRLLRLLRPPQ,1,CGRKKRLLRQRLLRLLRPPQ
637,PasR8 (Alexa),HeLa,22486588,FFLIPKGRRRRRRRRGC,1,FFLIPKGRRRRRRRRGC
1242,Ku-70,A375 cells,30240193,CPMLKE,0,CPMLKE
1175,Arg,HeLa,30718681,RRRRRRRRR,0,RRRRRRRRR-NH2
802,TAT4,HeLa cells,31936737,GRKKRRQRRR,1,GRKKRRQRRR
650,2,U2OS,22805558,DSLKSYWYLQKFSWR,1,DSLKSYWYLQKFSWR
1022,?1H,HBMEC cells,28096156,KSKTEYYNAWAVWERNAP,1,KSKTEYYNAWAVWERNAP
561,SFTI-M2,HeLa,24985034,GRCTKSIPPICFPA,1,GRCTKSIPPICFPA
686,CASC3,PC3,34504427,PDDIKPRRIRKPRY,1,PDDIKPRRIRKPRY
582,MTpl-2,Plant cells,25514997,KWFRVYRGIYRRRGK,1,KWFRVYRGIYRRRGK
1119,Pip6a,C2C12 cells,24366877,GRKRRARRKRYQFLIRKRARKRA,0,Ac-R-Ahx-RR-betaA-RR-Ahx-RYQFLIR-Ahx-R-betaA-R-Ahx-R-betaA
529,CF-BP16,MCF-7,24480922,KKLFKKILKKL,1,KKLFKKILKKL
1069,D-R7,Jurkat,11087855,KRRRRRRR,0,Ahx-rrrrrrr
545,VG-21,HeLa,25154664,VTPHHVLVDEYTGEWVDSQFK,1,VTPHHVLVDEYTGEWVDSQFK
755,[(RW)5K](RW)3,CCRF-CEM,34491768,RWRWRWRWRWKRWRWRWRWRW,1,RWRWRWRWRWKRWRWRWRWRW
1178,Leu,HeLa,30718681,RRLRRLRRL,0,RRLRRLRRL-NH2
489,RIPL,LNCaP,24704199,IPLVVPLRRRRRRRRC,1,IPLVVPLRRRRRRRRC
95,cTAT,HeLa cells,33533253,KRRRGGKKRRD,0,KRRRGGKKRRD
1030,A5,HeLa cells,33355559,YGRKERRQKRR,1,YGRKERRQKRR
568,Arg9,Rat basophilic leukemia RBL-2H3 cells,25016968,RRRRRRRRR,1,RRRRRRRRR
749,CyLoP-1,HeLa,27836642,CRWRWKCCKK,1,CRWRWKCCKK
873,IMT-P8,HeLa cells,27189051,RRWRRWNRFNRRRCR,1,RRWRRWNRFNRRRCR
901,R5W3R4,A549 cells,28694765,RRRRRWWWRRRR,1,RRRRRWWWRRRR
1048,Rq,HeLa cells,29026300,RRRRQWWQW,1,RRRRQWWQW
210,RG301,HeLa cells,34333729,RADPAYQARFLGKRKFICL,0,RADPAYQARFLGKRKFICL
397,HATF3,MCF-7,12204694,ERKKRRRE,1,ERKKRRRE
801,TAT4,HeLa cells,31936737,GRKKRRQRRR,1,GRKKRRQRRR
880,K2W4K2,MCF-7 cel,28933182,KKWWWWKK,1,KKWWWWKK
402,MG2d,HeLa or TM12 cells,12417587,GIGKFLHSAKKWGKAFVGQIMNC,1,GIGKFLHSAKKWGKAFVGQIMNC
773,CAAKA,A375 cells,30240193,CAAKA,1,CAAKA
1168,CKRRMKWKK,HepG2,35024246,CKRRMKWKK,0,CKRRMKWKK
1038,Hpp3,ECV304 cells,27070736,KPKRKRRKKKGHGWSR,1,KPKRKRRKKKGHGWSR
647,2,A549,22805558,DSLKSYWYLQKFSWR,1,DSLKSYWYLQKFSWR
617,VIII,CHO wt,22100438,CGRKKRRQRAARRPPQ,1,CGRKKRRQRAARRPPQ
970,TI,HeLa cells,31714739,KWCFRVCYRGICYRRCR,1,KWCFRVCYRGICYRRCR
732,L5a,A549,26942714,RRWQW,1,RRWQW
688,DAPK1,PC3,34504427,AAKFIKKRRTKSS,1,AAKFIKKRRTKSS
98,cR10-KD3,HeLa cells,33533253,KRRRRRRRRRRELTFKEYWDQLTSAA,0,KRRRRRRRRRRELTFKEYWDQLTSAA
811,PEN0,HeLa cells,31936737,RRMKWKK,1,RRMKWKK
411,PolyP 8,HeLa,15054781,VKLPPPVKLPPP,1,VKLPPPVKLPPP
507,Xentry peptides,HepG2,24811205,VVVR,1,VVVR
1081,Crot (27-39) derivative,NIH-3T3,21319732,RWRWKCCKK,0,RWRWK-Abu-Abu-KK
1066,D-Tat (57-49),Jurkat,11087855,KRRRQRRKKR,0,Ahx-rrrqrrkkr
939,BNA3MTS (2–7),MCF-7 cells,30367921,KQRFIR,1,KQRFIR
786,Tat-PTD,HDF cells,32374475,GRKKRRQRRK,1,GRKKRRQRRK
204,DsC18,MCF-7 cells,28332260,GLRKRLRKFRNKIKEK,0,GLRKRLRKFRNKIKEK
134,R9/E9,A549 cells ,27074859,RRRRRRRRREEEEEEEEE,0,RRRRRRRRREEEEEEEEE
1061,STRAP-2,MDA-MB-231 cells,35839086,KRKIFCL,1,KRKIFCL
40,CPP-Dot1l ,MCF7 cells,32024261,KARKKKLNKKGRKMAGRKRGRPKK,0,KARKKKLNKKGRKMAGRKRGRPKK
1027,?2H,HBMEC cells,28096156,GNGEQREMAVSRLRDCLDRQA,1,GNGEQREMAVSRLRDCLDRQA
235,Methly-TH,HeLa cells,28603674,AGYLLGHINLHHLAHLAHHIL,0,AGYLLGHINLHHLAHLAHHIL
383,Sweet Arrow Protein (SAP) (E),A549,21365733,VELPPPVELPPPVELPPP,1,VELPPPVELPPPVELPPP
293,Ala56 substitution mutant of Tat (49-57),Jurkat,11087855,RKKRRQRAR,1,RKKRRQRAR
423,Tat-PKI,CHO K1,15937518,GRKKRRQRRRPPQTYADFIASGRTGRRNAI,1,GRKKRRQRRRPPQTYADFIASGRTGRRNAI
396,SV40,MCF-7,12204694,PKKKRKV,1,PKKKRKV
597,Tat,CHO pgsB-618 cells,22100438,CGRKKRRQRRRPPQ,1,CGRKKRRQRRRPPQ
1173,CKRRMKWKK,RAW 264.7,35024246,CKRRMKWKK,0,CKRRMKWKK
1096,Crot (27-39) derivative,NIH-3T3,21319732,KMDCRPRPKCCKK,0,KMD-Abu-RPRPKC-Abu-KK
652,2,NHDF,22805558,DSLKSYWYLQKFSWR,1,DSLKSYWYLQKFSWR
1163,f-HN17,Cal 27,31450798,WTLPNSNHIKQGL,0,Fmoc-TLPNSNHIKQGL
525,LMWP,Pluripotent mouse mesenchymal progenitor cell line (C3H10T1/2),24648725,VSRRRRRRGGRRRR,1,VSRRRRRRGGRRRR
64,Rhodamine micelle,HepG2 cells,29787814,GRKKRRQRRR,0,GRKKRRQRRR
14,K-FGF,LN18 cells,30240193,CAAVALLPAVLLAHLLAP,0,CAAVALLPAVLLAHLLAP
1074,Crot (27-39) derivative,NIH-3T3,21319732,DCRWRWKCCKK,0,DCRWRWKC-Abu-KK
497,Hph-1,HeLa,24768403,YARVRRRGPRR,1,YARVRRRGPRR
384,Glu-Oct-6,DU-145,21029412,EEEAAGRKRKKRT,1,EEEAAGRKRKKRT
191,A4,HeLa cells,33355559,YGRKARRQARR,0,YGRKARRQARR
770,CB3-sC18,HeLa cells,34959356,GLRKRLRKFRNKIKEK,1,GLRKRLRKFRNKIKEK
220,PII,A549 cells,27480031,KLALKLALKALKACRGDFCLKLAG,0,KLALKLALKALKACRGDFCLKLAG
798,TAT0,HeLa cells,31936737,GRKKRRQRRR,1,GRKKRRQRRR
1086,Crot (27-39) derivative,NIH-3T3,21319732,CRWRWKCCKK,0,CRWrWKCCKK
888,W2K4W2,MCF-7 cel,28933182,WWKKKKWW,1,WWKKKKWW
342,No.14-12,CHO,19956900,RAWMRWYSPTTRRYG,1,RAWMRWYSPTTRRYG
726,HR9,A549,26942714,CHHHHHRRRRRRRRRHHHHHC,1,CHHHHHRRRRRRRRRHHHHHC
300,Crot (27-39),NIH-3T3,21319732,KMDCRWRWKCCKK,1,KMDCRWRWKCCKK
1026,?2H,HBMEC cells,28096156,GNGEQREMAVSRLRDCLDRQA,1,GNGEQREMAVSRLRDCLDRQA
460,hLF WT,HeLa,24270856,KCFQWQRNMRKVRGPPVSCIKR,1,KCFQWQRNMRKVRGPPVSCIKR
822,MCNr-2,HeLa cells,34152716,CPKILKKCRRDSDCPGACICRGNGYCGSGSDEETGEGGV,1,CPKILKKCRRDSDCPGACICRGNGYCGSGSDEETGEGGV
274,Oleyl-(HR)4,MDA-MB-231 cells,35456715,HRHRHRHR,0,HRHRHRHR
1005,[RW]6,A549 cells ,27074859,RWRWRWRWRWRW,1,RWRWRWRWRWRW
205,DsC18(NIA)2,MCF-7 cells,28332260,AGLRKAAARLRKFRNKAAAIKEK,0,AGLRKAAARLRKFRNKAAAIKEK
164,L3,HeLa cells,27966361,PWPRVPWRWGSTSRDHMVLHEYVNAAGIT,0,PWPRVPWRWGSTSRDHMVLHEYVNAAGIT
736,SynB1,MCF7,35216417,RGGRLSYSRRRFSTSTGR,1,RGGRLSYSRRRFSTSTGR
406,PolyP 3 (SAP),HeLa,15054781,VRLPPPVRLPPPVRLPPP,1,VRLPPPVRLPPPVRLPPP
707,FBXO32,U87,34504427,VAAKKRKKDML,1,VAAKKRKKDML
1140,XVI,CHO pgsB-618 cells,22100438,CGRKKRRQRKRRPPQ,0,CGRKKRRQR-Ahx-RRPPQ
570,Tat2-Nat,primary culture of human corneal epithelial cells,25467959,RKKRRQRRRRKKRRQRRR,1,RKKRRQRRRRKKRRQRRR
1031,R9, human endothelial cells,26748549,RRRRRRRRR,1,RRRRRRRRR
1035,pHLIP,MCF-7 cells,25853477,AEQNPIYWARYADWLFTTPLLLLDLALLVDADEGTCG,1,AEQNPIYWARYADWLFTTPLLLLDLALLVDADEGTCG
1114,Xentry peptides,HepG2,24811205,LCL,0,lcl
209,7,RAW264.7 cells,30095906,GFAWNVCVYRNGVRVCHRRAN,0,GFAWNVCVYRNGVRVCHRRAN
34,pHK-PASA488,pgsA-745 cells,28183803,MIASHLLAYFFTELNGKPILFF,0,MIASHLLAYFFTELNGKPILFF
782,LDP,HeLa cells,28159722,KWRRKLKKLR,1,KWRRKLKKLR
513,F(SG)4R8,HeLa,25108152,RRRRRRRR,1,RRRRRRRR
1255,hCT(9-32),9L-R cells,30240193,CLGTYTQDFNKFHTFPQTAIGVGAP,0,CLGTYTQDFNKFHTFPQTAIGVGAP
91,cTAT,MCF7 cells,33533253,KRRRGGKKRRD,0,KRRRGGKKRRD
907,CVP1-N2,HCT116 cells,33141296,LKRLRRRYKFRHRRRQRYRRR,1,LKRLRRRYKFRHRRRQRYRRR
569,KST,K-562,25387797,KSTGKANKITITNDKGRLSK,1,KSTGKANKITITNDKGRLSK
783,NLS,HeLa cells,28159722,PKKKRKV,1,PKKKRKV
246,rEETI-II,HeLa cells,31061420,CPRILMRCKQDSDCLAGCVCGPNGFCG,0,CPRILMRCKQDSDCLAGCVCGPNGFCG
13,K-FGF,9L-R cells,30240193,CAAVALLPAVLLAHLLAP,0,CAAVALLPAVLLAHLLAP
320,Crot (27-39) derevative,NIH-3T3,21319732,KCCKWRWRCK,1,KCCKWRWRCK
605,IV,CHO wt,22100438,CGRKKRRQRWWRRPPQ,1,CGRKKRRQRWWRRPPQ
392,NF-kB,MCF-7,12204694,VQRKRQKLMP,1,VQRKRQKLMP
169,L2,HeLa cells,27966361,FLLIRRVLGSTSRDHMVLHEYVNAAGIT,0,FLLIRRVLGSTSRDHMVLHEYVNAAGIT
847,kFGF-Tf-lip,bEnd.3 cell,32561686,AAVALLPAVLLALLAP,1,AAVALLPAVLLALLAP
20,pHKA489,HeLa cells,28183803,MIASHLLAYFFTELN,0,MIASHLLAYFFTELN
651,2,K562,22805558,DSLKSYWYLQKFSWR,1,DSLKSYWYLQKFSWR
1165,CPP12,Saos-2 cells,30410976,FFARRRRQA,0,Ff-LNap-RrRrQ-PEG2
838,Mel-Tf-lip,bEnd.3 cell,32561686,GIGAVLKVLTTGLPALISWIKRKRQ,1,GIGAVLKVLTTGLPALISWIKRKRQ
567,pAntp,Rat basophilic leukemia RBL-2H3 cells,25016968,RQIKIWFQNRRMKWKK,1,RQIKIWFQNRRMKWKK
1241,HIV-gp41,U87 cells,30240193,CGALFLGWLGAAGSTMGA,0,CGALFLGWLGAAGSTMGA
691,VP8,PC3,34504427,KRKGRLRSKGKK,1,KRKGRLRSKGKK
967,cTI,MM96L cells,31714739,KWCFRVCYRGICYRRCRG,1,KWCFRVCYRGICYRRCRG
193,A7,HeLa cells,33355559,YGRAARRQARA,0,YGRAARRQARA
985,NrTP-sC18*,HeLa cells,29977402,YKQCHKKGGKKGSGGLRKRLRKFRNK,1,YKQCHKKGGKKGSGGLRKRLRKFRNK
704,NOP53,U87,34504427,AEADKPRRLGRLK,1,AEADKPRRLGRLK
515,G(SG)4R8,HeLa,25108152,RRRRRRRR,1,RRRRRRRR
1092,Crot (27-39) derivative,NIH-3T3,21319732,KMDCRWRWKCCKK,0,KMD-Abu-RWRWKC-Abu-KK
479,hLF lin+4R,Ovcar-3 cells,24270856,KCFQWQRNMRKVRGPPVSCIKR,1,KCFQWQRNMRKVRGPPVSCIKR
863,PepB2,CHO-K1 cells,29247010,NVFKGNTISDKISFNFSDK,1,NVFKGNTISDKISFNFSDK
754,[(RW)5K](RW)2,CCRF-CEM,34491768,RWRWRWRWRWKRWRWRWRWRW,1,RWRWRWRWRWKRWRWRWRWRW
257,DRIM,HeLa cells,28921993,QQRKRKIWSILAPLGTTLVKLVAGIG,0,QQRKRKIWSILAPLGTTLVKLVAGIG
21,pHKA490,HeLa cells,28183803,MIASHLLAYFFTELN,0,MIASHLLAYFFTELN
464,hLF W5A,HeLa,24270856,KCFQWQRNMRKVRGPPVSCIKR,1,KCFQWQRNMRKVRGPPVSCIKR
1195,(alpha_Me)Leu,CHO-K1,30718681,RRLRRLRRL,0,RR-MeLeu-RR-MeLeu-RR-MeLeu-NH2
281,Tat (49-56),Jurkat,11087855,RKKRRQRR,1,RKKRRQRR
965,[F4S-Y13S]cTI,MDA-MB-435S cells,31714739,KWCSRVCYRGICSRRCRG,1,KWCSRVCYRGICSRRCRG
1226,HIV-TAT,A375 cells,30240193,CYGRKKRRQRRR,0,CYGRKKRRQRRR
390,Asn-Oct-6,DU-145,21029412,NNNAAGRKRKKRT,1,NNNAAGRKRKKRT
812,PEN4,HeLa cells,31936737,RRMKWKK,1,RRMKWKK
348,No.14-18,CHO,19956900,RLWMRWYAPTTRRYG,1,RLWMRWYAPTTRRYG
776,CAAKA,MSTO-R cells,30240193,CAAKA,1,CAAKA
130,hPep3,HeLa cells,34440250,LAKLAKAAAKLLKAAAKAL,0,LAKLAKAAAKLLKAAAKAL
881,K2W4K2,MCF-7 cel,28933182,KKWWWWKK,1,KKWWWWKK
1134,XIV,CHO pgsB-618 cells,22100438,CGRKKRRQRRKRPPQ,0,CGRKKRRQRR-Ahx-RPPQ
87,KT2,HCT 116 cells,31073999,NGVQPKYKWWKWWKKWW,0,NGVQPKYKWWKWWKKWW
335,No.14,CHO,19956900,KLWMRWYSPTTRRYG,1,KLWMRWYSPTTRRYG
1249,Ku-70,U87 cells,30240193,CPMLKE,0,CPMLKE
471,hLF R7A/V12R,HeLa,24270856,KCFQWQRNMRKVRGPPVSCIKR,1,KCFQWQRNMRKVRGPPVSCIKR
121,hPep3,HeLa cells,34440250,LAKLAKAAAKLLKAAAKAL,0,LAKLAKAAAKLLKAAAKAL
1054,R8NLS,A2780 cells,26784985,CRRRRRRRRVKRKKKP,1,CRRRRRRRRVKRKKKP
1105,2b,HeLa,25188671,GRLLRLLRLP,0,gRLLRLLRL-Ac5c-NH2
1141,XVII,ARPE-19,22100438,CGRKKRKRQRKRKRPPQ,0,CGRKKR-Ahx-RQR-Ahx-R-Ahx-RPPQ
867,PepB2,CHO-K1 cells,29247010,NVFKGNTISDKISFNFSDK,1,NVFKGNTISDKISFNFSDK
1137,XV,CHO pgsB-618 cells,22100438,CGRKKRKRQRRRPPQ,0,CGRKKR-Ahx-RQRRRPPQ
